DATE,vwretd,ewretd
2000-01-03,-0.006803,0.002878
2000-01-04,-0.039652,-0.017465
2000-01-05,-0.000935,0.007821
2000-01-06,-0.007391,0.004504
2000-01-07,0.032516,0.017008
2000-01-10,0.018608,0.015333
2000-01-11,-0.016941,-0.006079
2000-01-12,-0.006922,-0.002505
2000-01-13,0.016265,0.013063
2000-01-14,0.011137,0.009119
2000-01-18,-0.000860,0.012040
2000-01-19,0.004631,0.008125
2000-01-20,-0.002801,0.003468
2000-01-21,0.002655,0.008277
2000-01-24,-0.025311,-0.002527
2000-01-25,0.005547,0.000870
2000-01-26,-0.004530,0.003851
2000-01-27,-0.003521,-0.002202
2000-01-28,-0.028051,-0.015015
2000-01-31,0.014744,-0.005371
2000-02-01,0.012300,0.008028
2000-02-02,0.003106,0.008154
2000-02-03,0.015598,0.013512
2000-02-04,0.001021,0.006727
2000-02-07,0.003075,0.009064
2000-02-08,0.012724,0.009960
2000-02-09,-0.017185,-0.001750
2000-02-10,0.006488,0.007364
2000-02-11,-0.017335,-0.001085
2000-02-14,0.002672,0.007272
2000-02-15,0.007370,0.001399
2000-02-16,-0.005260,0.004001
2000-02-17,0.005036,0.010399
2000-02-18,-0.026050,-0.006761
2000-02-22,0.000556,-0.000437
2000-02-23,0.012353,0.005510
2000-02-24,-0.000378,-0.001434
2000-02-25,-0.009546,0.000961
2000-02-28,0.007756,0.006148
2000-02-29,0.019138,0.018831
2000-03-01,0.014596,0.014015
2000-03-02,-0.000614,0.004548
2000-03-03,0.022590,0.014351
2000-03-06,-0.006612,0.004817
2000-03-07,-0.021824,-0.005020
2000-03-08,0.006478,0.001191
2000-03-09,0.023977,0.013047
2000-03-10,-0.002837,0.000308
2000-03-13,-0.014555,-0.008059
2000-03-14,-0.022405,-0.012365
2000-03-15,0.006799,-0.005430
2000-03-16,0.041149,0.015255
2000-03-17,0.006478,0.003703
2000-03-20,-0.016474,-0.014640
2000-03-21,0.019027,-0.004312
2000-03-22,0.013567,0.012681
2000-03-23,0.014405,0.006424
2000-03-24,0.002147,0.001122
2000-03-27,-0.003358,-0.002379
2000-03-28,-0.013168,-0.008854
2000-03-29,-0.010693,-0.013118
2000-03-30,-0.018181,-0.017729
2000-03-31,0.012111,0.013089
2000-04-03,-0.017206,-0.023610
2000-04-04,-0.012824,-0.028033
2000-04-05,0.001060,0.008262
2000-04-06,0.015859,0.019032
2000-04-07,0.014535,0.013005
2000-04-10,-0.019337,-0.016988
2000-04-11,-0.010238,-0.015836
2000-04-12,-0.029996,-0.027053
2000-04-13,-0.017135,-0.015751
2000-04-14,-0.066175,-0.063522
2000-04-17,0.029299,-0.009437
2000-04-18,0.038392,0.048394
2000-04-19,-0.007378,0.011476
2000-04-20,0.000561,0.003050
2000-04-24,-0.010579,-0.017588
2000-04-25,0.038638,0.023633
2000-04-26,-0.011333,-0.002105
2000-04-27,0.007165,0.004455
2000-04-28,0.000973,0.014912
2000-05-01,0.015141,0.018069
2000-05-02,-0.019366,-0.008385
2000-05-03,-0.021067,-0.014452
2000-05-04,0.000882,0.006214
2000-05-05,0.015485,0.008431
2000-05-08,-0.010189,-0.006955
2000-05-09,-0.011780,-0.010127
2000-05-10,-0.026778,-0.023452
2000-05-11,0.020428,0.013091
2000-05-12,0.008521,0.004587
2000-05-15,0.020691,0.004772
2000-05-16,0.013807,0.008270
2000-05-17,-0.013413,-0.006210
2000-05-18,-0.010467,-0.005720
2000-05-19,-0.024081,-0.015357
2000-05-22,-0.007917,-0.015313
2000-05-23,-0.023379,-0.014364
2000-05-24,0.015412,-0.008830
2000-05-25,-0.011616,-0.005172
2000-05-26,-0.001787,-0.002730
2000-05-30,0.037875,0.021615
2000-05-31,-0.001740,0.002846
2000-06-01,0.025195,0.019431
2000-06-02,0.029096,0.030798
2000-06-05,-0.003705,0.007911
2000-06-06,-0.007927,0.002692
2000-06-07,0.011114,0.008724
2000-06-08,-0.005120,0.001024
2000-06-09,0.001025,0.010069
2000-06-12,-0.011024,-0.006039
2000-06-13,0.014502,0.002502
2000-06-14,-0.000844,0.000553
2000-06-15,0.004970,-0.002757
2000-06-16,-0.006716,-0.001281
2000-06-19,0.016156,0.003178
2000-06-20,-0.002430,-0.000029
2000-06-21,0.003636,0.003102
2000-06-22,-0.018904,-0.006828
2000-06-23,-0.009194,-0.002647
2000-06-26,0.009773,0.003297
2000-06-27,-0.005300,-0.002669
2000-06-28,0.007521,0.009500
2000-06-29,-0.006933,-0.001189
2000-06-30,0.007400,0.003372
2000-07-03,0.010019,0.009012
2000-07-05,-0.015790,-0.006561
2000-07-06,0.008412,0.004416
2000-07-07,0.014433,0.005068
2000-07-10,-0.001199,0.002205
2000-07-11,0.002003,0.000474
2000-07-12,0.013264,0.011108
2000-07-13,0.005768,0.004407
2000-07-14,0.009675,0.006723
2000-07-17,0.001402,0.005166
2000-07-18,-0.012818,-0.004605
2000-07-19,-0.011338,-0.006790
2000-07-20,0.013250,0.004779
2000-07-21,-0.011642,-0.008244
2000-07-24,-0.013586,-0.009734
2000-07-25,0.005435,-0.001802
2000-07-26,-0.011710,-0.004929
2000-07-27,-0.009848,-0.013481
2000-07-28,-0.023334,-0.016312
2000-07-31,0.010123,0.007200
2000-08-01,0.001448,-0.003007
2000-08-02,0.000690,0.000405
2000-08-03,0.010131,-0.001755
2000-08-04,0.009086,0.008054
2000-08-07,0.012497,0.006597
2000-08-08,0.001074,0.000142
2000-08-09,-0.005173,-0.000003
2000-08-10,-0.009367,-0.004763
2000-08-11,0.008345,0.006001
2000-08-14,0.012661,0.005694
2000-08-15,-0.003819,-0.001372
2000-08-16,-0.001037,0.002054
2000-08-17,0.011605,0.005199
2000-08-18,-0.002649,0.001255
2000-08-21,0.003793,0.002064
2000-08-22,0.000292,0.002023
2000-08-23,0.005030,0.002525
2000-08-24,0.003506,0.005380
2000-08-25,0.000084,0.005936
2000-08-28,0.004815,0.005076
2000-08-29,-0.000658,0.004756
2000-08-30,-0.000758,0.005594
2000-08-31,0.011971,0.011379
2000-09-01,0.004986,0.007552
2000-09-05,-0.008874,-0.000066
2000-09-06,-0.012165,-0.001757
2000-09-07,0.007519,0.006189
2000-09-08,-0.008837,-0.005485
2000-09-11,-0.004717,-0.003390
2000-09-12,-0.005147,-0.002043
2000-09-13,0.003437,0.000306
2000-09-14,0.001404,0.004782
2000-09-15,-0.011252,-0.005812
2000-09-18,-0.018458,-0.018946
2000-09-19,0.012571,0.003351
2000-09-20,-0.004483,-0.005825
2000-09-21,-0.005631,-0.006886
2000-09-22,0.004009,-0.002141
2000-09-25,-0.004854,-0.004162
2000-09-26,-0.009139,-0.009678
2000-09-27,-0.002495,-0.007020
2000-09-28,0.022718,0.014475
2000-09-29,-0.012354,0.000786
2000-10-02,-0.005967,-0.011865
2000-10-03,-0.012101,-0.009384
2000-10-04,0.006403,-0.001517
2000-10-05,-0.001192,-0.005790
2000-10-06,-0.021602,-0.017421
2000-10-09,-0.003434,-0.005917
2000-10-10,-0.014331,-0.011671
2000-10-11,-0.017175,-0.017667
2000-10-12,-0.027423,-0.020794
2000-10-13,0.038630,0.021598
2000-10-16,0.002233,0.002151
2000-10-17,-0.019825,-0.018506
2000-10-18,-0.008593,-0.011103
2000-10-19,0.037020,0.025743
2000-10-20,0.009775,0.013472
2000-10-23,0.000144,0.006074
2000-10-24,-0.000980,0.001383
2000-10-25,-0.027450,-0.015678
2000-10-26,0.000603,0.000763
2000-10-27,0.008625,0.005739
2000-10-30,0.006715,-0.000126
2000-10-31,0.028395,0.021840
2000-11-01,-0.004313,0.001620
2000-11-02,0.010034,0.014672
2000-11-03,0.000548,0.004919
2000-11-06,0.001272,0.000191
2000-11-07,-0.000987,0.001529
2000-11-08,-0.018907,-0.009612
2000-11-09,-0.009808,-0.011622
2000-11-10,-0.026389,-0.017457
2000-11-13,-0.013356,-0.012691
2000-11-14,0.026070,0.015999
2000-11-15,0.005432,-0.000117
2000-11-16,-0.016411,-0.013759
2000-11-17,-0.004486,-0.001538
2000-11-20,-0.023896,-0.020682
2000-11-21,0.000294,-0.011470
2000-11-22,-0.020858,-0.019105
2000-11-24,0.021101,0.020302
2000-11-27,0.003675,-0.004631
2000-11-28,-0.016877,-0.022906
2000-11-29,0.000640,-0.013996
2000-11-30,-0.019168,-0.019429
2000-12-01,0.006217,0.018330
2000-12-04,0.003689,-0.010946
2000-12-05,0.045360,0.027516
2000-12-06,-0.016468,-0.007808
2000-12-07,-0.005876,-0.007394
2000-12-08,0.028504,0.025983
2000-12-11,0.011986,0.012066
2000-12-12,-0.010891,-0.006372
2000-12-13,-0.011568,-0.006033
2000-12-14,-0.016984,-0.013284
2000-12-15,-0.017778,-0.010913
2000-12-18,0.005421,-0.009959
2000-12-19,-0.015778,-0.014540
2000-12-20,-0.035199,-0.037619
2000-12-21,0.005463,-0.005028
2000-12-22,0.030143,0.026260
2000-12-26,0.005523,-0.005792
2000-12-27,0.013911,0.010869
2000-12-28,0.009406,0.022114
2000-12-29,-0.011225,0.016053
2001-01-02,-0.034230,-0.001135
2001-01-03,0.053170,0.046223
2001-01-04,-0.011674,0.011358
2001-01-05,-0.028909,-0.008606
2001-01-08,-0.003410,-0.005051
2001-01-09,0.004794,0.011814
2001-01-10,0.013930,0.020662
2001-01-11,0.015063,0.027183
2001-01-12,-0.003619,0.019480
2001-01-16,0.006257,0.019410
2001-01-17,0.004447,0.012761
2001-01-18,0.012175,0.008507
2001-01-19,-0.004109,0.003896
2001-01-22,0.000281,0.005431
2001-01-23,0.015817,0.014519
2001-01-24,0.003372,0.007312
2001-01-25,-0.007521,-0.003247
2001-01-26,-0.000656,0.001978
2001-01-29,0.009004,0.010236
2001-01-30,0.006590,0.009539
2001-01-31,-0.006676,-0.000179
2001-02-01,0.003826,0.001990
2001-02-02,-0.018530,-0.009217
2001-02-05,0.002122,-0.003787
2001-02-06,0.000441,0.002475
2001-02-07,-0.008672,-0.004362
2001-02-08,-0.006499,-0.003159
2001-02-09,-0.014177,-0.009425
2001-02-12,0.010339,0.004846
2001-02-13,-0.008688,-0.003474
2001-02-14,-0.000151,-0.000489
2001-02-15,0.008984,0.009292
2001-02-16,-0.020635,-0.014248
2001-02-20,-0.018782,-0.012303
2001-02-21,-0.018405,-0.015702
2001-02-22,-0.004570,-0.010745
2001-02-23,-0.003938,-0.002983
2001-02-26,0.019195,0.016211
2001-02-27,-0.011520,-0.011561
2001-02-28,-0.013727,-0.008442
2001-03-01,0.000412,-0.005542
2001-03-02,-0.004982,0.004568
2001-03-05,0.005448,0.001904
2001-03-06,0.011469,0.009970
2001-03-07,0.006106,0.005585
2001-03-08,-0.001235,-0.004226
2001-03-09,-0.024339,-0.015030
2001-03-12,-0.042339,-0.030865
2001-03-13,0.014925,0.005298
2001-03-14,-0.025008,-0.017733
2001-03-15,0.003320,-0.000251
2001-03-16,-0.020802,-0.017635
2001-03-19,0.018614,0.009299
2001-03-20,-0.023084,-0.008490
2001-03-21,-0.018702,-0.015952
2001-03-22,-0.004493,-0.011255
2001-03-23,0.020456,0.020756
2001-03-26,0.011157,0.007494
2001-03-27,0.022920,0.009025
2001-03-28,-0.026036,-0.017877
2001-03-29,-0.005451,-0.006625
2001-03-30,0.012154,0.016040
2001-04-02,-0.015566,-0.021403
2001-04-03,-0.035946,-0.034229
2001-04-04,-0.003278,-0.008305
2001-04-05,0.045869,0.039436
2001-04-06,-0.020118,-0.012896
2001-04-09,0.009232,0.006245
2001-04-10,0.029015,0.023253
2001-04-11,-0.000807,0.006676
2001-04-12,0.015924,0.014541
2001-04-16,-0.004957,-0.003693
2001-04-17,0.010484,0.004968
2001-04-18,0.039640,0.028613
2001-04-19,0.014654,0.015588
2001-04-20,-0.008364,0.001176
2001-04-23,-0.016711,-0.008233
2001-04-24,-0.010891,0.001786
2001-04-25,0.016293,0.011509
2001-04-26,0.004979,0.007507
2001-04-27,0.014484,0.011155
2001-04-30,0.000796,0.010081
2001-05-01,0.013246,0.010495
2001-05-02,0.003388,0.012486
2001-05-03,-0.015257,-0.005435
2001-05-04,0.013960,0.010746
2001-05-07,-0.003170,0.001495
2001-05-08,-0.000626,0.004887
2001-05-09,-0.004339,0.000597
2001-05-10,-0.000433,0.003118
2001-05-11,-0.007514,-0.001820
2001-05-14,0.000980,-0.002796
2001-05-15,0.001457,0.004044
2001-05-16,0.027234,0.009952
2001-05-17,0.005877,0.010524
2001-05-18,0.002704,0.004566
2001-05-21,0.018567,0.015978
2001-05-22,-0.001667,0.007121
2001-05-23,-0.016696,-0.007041
2001-05-24,0.004134,0.005514
2001-05-25,-0.009938,0.002662
2001-05-29,-0.010366,-0.008270
2001-05-30,-0.017571,-0.016165
2001-05-31,0.007658,0.007394
2001-06-01,0.005390,0.006182
2001-06-04,0.005078,0.005381
2001-06-05,0.014223,0.011546
2001-06-06,-0.009440,-0.003239
2001-06-07,0.005322,0.005450
2001-06-08,-0.009528,-0.002055
2001-06-11,-0.009595,-0.005670
2001-06-12,0.000200,-0.001290
2001-06-13,-0.009958,-0.002350
2001-06-14,-0.019201,-0.014884
2001-06-15,-0.004904,-0.004954
2001-06-18,-0.006689,-0.012842
2001-06-19,0.001768,-0.005603
2001-06-20,0.009743,0.001333
2001-06-21,0.009901,0.003729
2001-06-22,-0.009010,-0.002499
2001-06-25,-0.004851,-0.000218
2001-06-26,-0.000155,0.004977
2001-06-27,-0.002117,0.004316
2001-06-28,0.012574,0.007565
2001-06-29,0.004332,0.018683
2001-07-02,0.005340,-0.005536
2001-07-03,-0.001734,-0.000217
2001-07-05,-0.012098,-0.007388
2001-07-06,-0.022162,-0.011844
2001-07-09,0.005712,0.002084
2001-07-10,-0.014251,-0.009419
2001-07-11,-0.002280,-0.005392
2001-07-12,0.023558,0.014742
2001-07-13,0.005369,0.003953
2001-07-16,-0.011623,-0.007308
2001-07-17,0.010631,0.005250
2001-07-18,-0.006847,-0.008035
2001-07-19,0.005146,0.005492
2001-07-20,-0.002910,0.000338
2001-07-23,-0.014650,-0.005583
2001-07-24,-0.016244,-0.011498
2001-07-25,0.013667,0.002765
2001-07-26,0.011500,0.007670
2001-07-27,0.003303,0.003519
2001-07-30,-0.001179,-0.001137
2001-07-31,0.004891,0.003217
2001-08-01,0.005035,0.006447
2001-08-02,0.003220,0.002534
2001-08-03,-0.004627,0.000534
2001-08-06,-0.011012,-0.005902
2001-08-07,0.002247,-0.000388
2001-08-08,-0.016731,-0.010006
2001-08-09,-0.000140,-0.001148
2001-08-10,0.004280,0.000754
2001-08-13,0.002332,0.002532
2001-08-14,-0.002438,0.001608
2001-08-15,-0.006807,-0.004715
2001-08-16,0.001920,-0.002089
2001-08-17,-0.015924,-0.006831
2001-08-20,0.006837,-0.000438
2001-08-21,-0.011467,-0.008022
2001-08-22,0.007436,0.004418
2001-08-23,-0.002763,-0.003714
2001-08-24,0.018220,0.010825
2001-08-27,-0.003691,-0.001755
2001-08-28,-0.014374,-0.007405
2001-08-29,-0.009583,-0.002919
2001-08-30,-0.015525,-0.009202
2001-08-31,0.004059,0.005746
2001-09-04,-0.001656,-0.005711
2001-09-05,-0.003236,-0.008926
2001-09-06,-0.020698,-0.014189
2001-09-07,-0.017764,-0.011544
2001-09-10,0.003516,-0.007365
2001-09-17,-0.050716,-0.042381
2001-09-18,-0.008315,-0.009885
2001-09-19,-0.017086,-0.024004
2001-09-20,-0.030611,-0.032694
2001-09-21,-0.018585,-0.020145
2001-09-24,0.037719,0.033190
2001-09-25,0.007584,0.003965
2001-09-26,-0.006027,-0.009980
2001-09-27,0.010694,-0.000604
2001-09-28,0.022772,0.025100
2001-10-01,-0.004418,-0.010052
2001-10-02,0.011549,0.006998
2001-10-03,0.022146,0.020670
2001-10-04,-0.000280,0.011089
2001-10-05,0.000404,0.000512
2001-10-08,-0.007684,-0.001935
2001-10-09,-0.004786,-0.004089
2001-10-10,0.023138,0.019415
2001-10-11,0.017246,0.019491
2001-10-12,-0.005431,0.000108
2001-10-15,-0.000767,0.002549
2001-10-16,0.007835,0.011376
2001-10-17,-0.019319,-0.006450
2001-10-18,-0.007065,-0.004976
2001-10-19,0.004919,0.004695
2001-10-22,0.014523,0.008011
2001-10-23,-0.004389,0.000496
2001-10-24,0.001022,0.003920
2001-10-25,0.013791,0.011118
2001-10-26,0.004294,0.007220
2001-10-29,-0.022574,-0.008931
2001-10-30,-0.017161,-0.011458
2001-10-31,0.002210,0.010760
2001-11-01,0.020699,0.008789
2001-11-02,0.002178,-0.000779
2001-11-05,0.013980,0.008454
2001-11-06,0.014136,0.007042
2001-11-07,-0.001915,0.000714
2001-11-08,0.001064,0.002988
2001-11-09,0.000951,0.003390
2001-11-12,-0.000561,0.001351
2001-11-13,0.018552,0.013955
2001-11-14,0.003493,0.007522
2001-11-15,0.000024,0.000384
2001-11-16,-0.001699,0.006131
2001-11-19,0.011676,0.011593
2001-11-20,-0.008250,-0.004841
2001-11-21,-0.004484,0.000343
2001-11-23,0.011704,0.010422
2001-11-26,0.007432,0.005665
2001-11-27,-0.005066,0.001709
2001-11-28,-0.017339,-0.009929
2001-11-29,0.011230,0.009194
2001-11-30,-0.000933,0.001061
2001-12-03,-0.008432,-0.007400
2001-12-04,0.014756,0.011957
2001-12-05,0.023123,0.016934
2001-12-06,-0.001083,0.006297
2001-12-07,-0.007313,0.001828
2001-12-10,-0.015035,-0.007336
2001-12-11,-0.001758,0.002867
2001-12-12,0.000557,0.002111
2001-12-13,-0.015388,-0.008349
2001-12-14,0.003485,0.002317
2001-12-17,0.010394,0.005045
2001-12-18,0.008046,0.007095
2001-12-19,0.003645,-0.002733
2001-12-20,-0.009356,-0.008644
2001-12-21,0.006047,0.010194
2001-12-24,0.000228,0.003541
2001-12-26,0.005228,0.007185
2001-12-27,0.006924,0.008020
2001-12-28,0.004377,0.009311
2001-12-31,-0.009722,0.006618
2002-01-02,0.003832,0.007914
2002-01-03,0.009844,0.012919
2002-01-04,0.006987,0.011263
2002-01-07,-0.006531,-0.000112
2002-01-08,-0.002443,0.004929
2002-01-09,-0.004243,0.000727
2002-01-10,0.000579,0.000383
2002-01-11,-0.008776,-0.003945
2002-01-14,-0.008123,-0.010399
2002-01-15,0.005732,0.001004
2002-01-16,-0.016273,-0.011007
2002-01-17,0.010140,0.006987
2002-01-18,-0.010133,-0.006143
2002-01-22,-0.007796,-0.008083
2002-01-23,0.008862,0.007760
2002-01-24,0.004027,0.005578
2002-01-25,0.000940,0.000221
2002-01-28,0.000101,0.000446
2002-01-29,-0.025331,-0.011386
2002-01-30,0.010237,0.003632
2002-01-31,0.013196,0.009539
2002-02-01,-0.006416,-0.002153
2002-02-04,-0.023837,-0.016156
2002-02-05,-0.004851,-0.007863
2002-02-06,-0.007193,-0.009992
2002-02-07,-0.003550,-0.005935
2002-02-08,0.015799,0.011972
2002-02-11,0.013405,0.007837
2002-02-12,-0.003412,-0.000155
2002-02-13,0.009546,0.005815
2002-02-14,-0.002464,-0.004786
2002-02-15,-0.010279,-0.003773
2002-02-19,-0.018868,-0.014657
2002-02-20,0.012887,0.004971
2002-02-21,-0.014505,-0.008794
2002-02-22,0.007242,0.003898
2002-02-25,0.016490,0.005126
2002-02-26,0.001059,0.003444
2002-02-27,0.001081,0.002706
2002-02-28,-0.002910,-0.001053
2002-03-01,0.021869,0.012214
2002-03-04,0.020416,0.015140
2002-03-05,-0.004810,0.002758
2002-03-06,0.013935,0.012604
2002-03-07,-0.003776,0.003769
2002-03-08,0.006939,0.008684
2002-03-11,0.002784,0.004548
2002-03-12,-0.002864,-0.002667
2002-03-13,-0.009091,-0.003444
2002-03-14,-0.000023,0.003725
2002-03-15,0.010225,0.004630
2002-03-18,0.001273,0.004768
2002-03-19,0.003372,0.002588
2002-03-20,-0.014411,-0.005624
2002-03-21,0.003144,0.006353
2002-03-22,-0.004248,-0.000430
2002-03-25,-0.014346,-0.007033
2002-03-26,0.005784,0.004705
2002-03-27,0.005506,0.005686
2002-03-28,0.003007,0.005550
2002-04-01,-0.001037,-0.001189
2002-04-02,-0.008656,-0.004695
2002-04-03,-0.009501,-0.005967
2002-04-04,0.000922,0.000767
2002-04-05,-0.002536,-0.000045
2002-04-08,0.002963,0.002512
2002-04-09,-0.005543,-0.001595
2002-04-10,0.011473,0.008542
2002-04-11,-0.021317,-0.010049
2002-04-12,0.008222,0.011355
2002-04-15,-0.005992,-0.001132
2002-04-16,0.021963,0.016455
2002-04-17,-0.001967,0.001003
2002-04-18,-0.001513,0.003121
2002-04-19,0.000728,0.002047
2002-04-22,-0.014740,-0.008459
2002-04-23,-0.005266,-0.001443
2002-04-24,-0.006112,-0.002368
2002-04-25,-0.001791,-0.002207
2002-04-26,-0.013426,-0.009094
2002-04-29,-0.008790,-0.006307
2002-04-30,0.012116,0.009807
2002-05-01,0.007501,0.001006
2002-05-02,-0.001705,0.000092
2002-05-03,-0.008923,-0.001777
2002-05-06,-0.018279,-0.011320
2002-05-07,-0.003717,-0.005558
2002-05-08,0.034475,0.019044
2002-05-09,-0.013940,-0.008012
2002-05-10,-0.015373,-0.008233
2002-05-13,0.017053,0.007367
2002-05-14,0.020937,0.015259
2002-05-15,-0.003349,0.000826
2002-05-16,0.003503,-0.000966
2002-05-17,0.006945,0.003755
2002-05-20,-0.011924,-0.005644
2002-05-21,-0.011140,-0.008592
2002-05-22,0.003687,-0.002236
2002-05-23,0.010484,0.007424
2002-05-24,-0.011307,-0.004768
2002-05-28,-0.006811,-0.001727
2002-05-29,-0.006594,-0.005692
2002-05-30,-0.002317,-0.000972
2002-05-31,0.002123,0.003404
2002-06-03,-0.023891,-0.017748
2002-06-04,-0.001441,-0.003788
2002-06-05,0.007669,0.000198
2002-06-06,-0.018327,-0.014828
2002-06-07,-0.000239,0.001635
2002-06-10,0.001732,-0.002960
2002-06-11,-0.015944,-0.008843
2002-06-12,0.004634,-0.004260
2002-06-13,-0.010333,-0.006958
2002-06-14,-0.000917,0.000333
2002-06-17,0.026832,0.014612
2002-06-18,0.000342,-0.000404
2002-06-19,-0.015505,-0.014484
2002-06-20,-0.012609,-0.003522
2002-06-21,-0.014387,-0.002230
2002-06-24,0.001280,-0.005020
2002-06-25,-0.015443,-0.007740
2002-06-26,-0.003268,-0.008431
2002-06-27,0.016334,0.011504
2002-06-28,0.002098,0.011962
2002-07-01,-0.021973,-0.018512
2002-07-02,-0.022423,-0.022552
2002-07-03,0.003614,-0.004780
2002-07-05,0.034437,0.022109
2002-07-08,-0.011226,-0.007742
2002-07-09,-0.021878,-0.006812
2002-07-10,-0.029814,-0.016331
2002-07-11,0.005011,-0.004137
2002-07-12,-0.005823,-0.001543
2002-07-15,-0.004885,-0.010130
2002-07-16,-0.014205,-0.000382
2002-07-17,0.005990,0.005126
2002-07-18,-0.025070,-0.013694
2002-07-19,-0.032917,-0.019187
2002-07-22,-0.032104,-0.021150
2002-07-23,-0.029557,-0.031140
2002-07-24,0.052303,0.017953
2002-07-25,-0.005704,-0.003158
2002-07-26,0.014898,0.007121
2002-07-29,0.053155,0.034948
2002-07-30,0.004752,0.005469
2002-07-31,0.005612,-0.003660
2002-08-01,-0.025850,-0.008909
2002-08-02,-0.022523,-0.017863
2002-08-05,-0.032872,-0.021300
2002-08-06,0.030122,0.021540
2002-08-07,0.016766,0.004275
2002-08-08,0.029326,0.010703
2002-08-09,0.003413,0.002446
2002-08-12,-0.003853,0.000037
2002-08-13,-0.020222,-0.011727
2002-08-14,0.035449,0.016207
2002-08-15,0.011751,0.004773
2002-08-16,0.000815,0.006803
2002-08-19,0.020985,0.011822
2002-08-20,-0.012101,-0.004417
2002-08-21,0.013574,0.016576
2002-08-22,0.012779,0.011882
2002-08-23,-0.021578,-0.009216
2002-08-26,0.008441,0.010799
2002-08-27,-0.014327,-0.010767
2002-08-28,-0.017674,-0.013288
2002-08-29,0.001876,0.003511
2002-08-30,-0.002308,0.002642
2002-09-03,-0.038177,-0.023480
2002-09-04,0.017246,0.011838
2002-09-05,-0.015460,-0.013083
2002-09-06,0.017566,0.014916
2002-09-09,0.008651,0.000346
2002-09-10,0.006450,0.002800
2002-09-11,0.000661,0.002429
2002-09-12,-0.022898,-0.010854
2002-09-13,0.003227,0.002254
2002-09-16,-0.000143,-0.006230
2002-09-17,-0.018419,-0.012222
2002-09-18,-0.005118,-0.006676
2002-09-19,-0.028725,-0.017938
2002-09-20,0.002166,0.000695
2002-09-23,-0.014850,-0.019453
2002-09-24,-0.015063,-0.011324
2002-09-25,0.023969,0.015988
2002-09-26,0.017189,0.007838
2002-09-27,-0.028405,-0.014741
2002-09-30,-0.012039,-0.003513
2002-10-01,0.033721,0.008315
2002-10-02,-0.022603,-0.011971
2002-10-03,-0.011203,-0.006104
2002-10-04,-0.022216,-0.016284
2002-10-07,-0.020365,-0.021464
2002-10-08,0.014046,-0.002010
2002-10-09,-0.027466,-0.024272
2002-10-10,0.033874,0.015295
2002-10-11,0.036800,0.025612
2002-10-14,0.006555,0.003361
2002-10-15,0.045154,0.031362
2002-10-16,-0.023029,-0.011603
2002-10-17,0.023741,0.025593
2002-10-18,0.004828,0.002479
2002-10-21,0.016398,0.010109
2002-10-22,-0.011262,-0.005768
2002-10-23,0.007435,0.012537
2002-10-24,-0.013220,0.001435
2002-10-25,0.016322,0.013771
2002-10-28,-0.007503,0.000284
2002-10-29,-0.009320,-0.004004
2002-10-30,0.010540,0.012305
2002-10-31,-0.003732,0.005764
2002-11-01,0.017044,0.017765
2002-11-04,0.008637,0.014831
2002-11-05,0.006159,0.002024
2002-11-06,0.009795,0.015740
2002-11-07,-0.021771,-0.010876
2002-11-08,-0.008825,-0.003371
2002-11-11,-0.020448,-0.014164
2002-11-12,0.008291,0.008828
2002-11-13,-0.000286,0.000303
2002-11-14,0.024065,0.017255
2002-11-15,0.006031,0.002716
2002-11-18,-0.009038,-0.001622
2002-11-19,-0.004534,-0.003086
2002-11-20,0.018458,0.015659
2002-11-21,0.021235,0.018407
2002-11-22,-0.001957,0.005707
2002-11-25,0.003400,0.011775
2002-11-26,-0.019733,-0.005681
2002-11-27,0.027215,0.021848
2002-11-29,-0.002594,0.004977
2002-12-02,-0.000057,0.003977
2002-12-03,-0.014824,-0.009906
2002-12-04,-0.003824,-0.004973
2002-12-05,-0.010752,-0.005963
2002-12-06,0.005735,0.002654
2002-12-09,-0.021675,-0.018128
2002-12-10,0.014143,0.008876
2002-12-11,0.000948,0.001548
2002-12-12,-0.002191,0.001730
2002-12-13,-0.013081,-0.009734
2002-12-16,0.021629,0.009171
2002-12-17,-0.007772,-0.005430
2002-12-18,-0.013167,-0.012766
2002-12-19,-0.006740,-0.004199
2002-12-20,0.011620,0.004411
2002-12-23,0.002633,0.001974
2002-12-24,-0.004790,0.001012
2002-12-26,-0.001644,0.002201
2002-12-27,-0.015051,-0.005237
2002-12-30,0.003474,-0.003508
2002-12-31,0.001781,0.010114
2003-01-02,0.030453,0.019650
2003-01-03,-0.000337,0.002080
2003-01-06,0.020191,0.013205
2003-01-07,-0.006521,-0.001248
2003-01-08,-0.013261,-0.006641
2003-01-09,0.018159,0.013169
2003-01-10,0.000582,0.004003
2003-01-13,-0.001119,0.001845
2003-01-14,0.005331,0.007405
2003-01-15,-0.012335,-0.002849
2003-01-16,-0.002893,0.000272
2003-01-17,-0.013850,-0.009388
2003-01-21,-0.015315,-0.007848
2003-01-22,-0.008945,-0.003619
2003-01-23,0.009995,0.006407
2003-01-24,-0.026117,-0.013736
2003-01-27,-0.016338,-0.014203
2003-01-28,0.011883,0.007776
2003-01-29,0.006301,0.002176
2003-01-30,-0.020058,-0.010819
2003-01-31,0.012660,0.007724
2003-02-03,0.003545,-0.001589
2003-02-04,-0.012520,-0.005435
2003-02-05,-0.004549,-0.001873
2003-02-06,-0.006256,-0.004201
2003-02-07,-0.010231,-0.008207
2003-02-10,0.006074,0.002065
2003-02-11,-0.006158,-0.002401
2003-02-12,-0.012217,-0.009056
2003-02-13,-0.001822,-0.005069
2003-02-14,0.018219,0.007774
2003-02-18,0.019322,0.012795
2003-02-19,-0.006943,-0.004330
2003-02-20,-0.007043,0.000068
2003-02-21,0.012364,0.007663
2003-02-24,-0.016701,-0.009060
2003-02-25,0.006273,0.001183
2003-02-26,-0.011315,-0.005578
2003-02-27,0.011219,0.006534
2003-02-28,0.004282,0.002400
2003-03-03,-0.006391,-0.002279
2003-03-04,-0.013814,-0.007087
2003-03-05,0.007475,-0.000908
2003-03-06,-0.008139,-0.005656
2003-03-07,0.006956,-0.000818
2003-03-10,-0.022834,-0.013407
2003-03-11,-0.007931,-0.003246
2003-03-12,0.002237,-0.002819
2003-03-13,0.032055,0.018382
2003-03-14,0.001429,0.001858
2003-03-17,0.032617,0.017443
2003-03-18,0.004911,0.006423
2003-03-19,0.006768,0.003193
2003-03-20,0.003072,0.004272
2003-03-21,0.021151,0.012870
2003-03-24,-0.032826,-0.018122
2003-03-25,0.011789,0.009332
2003-03-26,-0.004861,-0.002183
2003-03-27,-0.000744,0.002096
2003-03-28,-0.004284,0.001637
2003-03-31,-0.015745,-0.004040
2003-04-01,0.010749,0.005803
2003-04-02,0.024911,0.015608
2003-04-03,-0.004769,0.001672
2003-04-04,0.001551,0.001335
2003-04-07,0.002212,0.006788
2003-04-08,-0.001747,-0.002761
2003-04-09,-0.011709,-0.002256
2003-04-10,0.005252,0.001808
2003-04-11,-0.002872,-0.000026
2003-04-14,0.017886,0.010061
2003-04-15,0.006331,0.005279
2003-04-16,-0.010234,-0.001028
2003-04-17,0.015178,0.012428
2003-04-21,-0.000385,0.004999
2003-04-22,0.020172,0.012474
2003-04-23,0.008330,0.009150
2003-04-24,-0.008325,-0.001952
2003-04-25,-0.012574,-0.003923
2003-04-28,0.016864,0.012453
2003-04-29,0.003239,0.005032
2003-04-30,0.000726,0.007256
2003-05-01,0.000256,0.003821
2003-05-02,0.014894,0.016049
2003-05-05,-0.000874,0.008763
2003-05-06,0.008617,0.008582
2003-05-07,-0.004813,0.000447
2003-05-08,-0.009286,-0.003033
2003-05-09,0.013521,0.012392
2003-05-12,0.012283,0.011639
2003-05-13,-0.001893,0.003896
2003-05-14,-0.001457,0.005048
2003-05-15,0.006899,0.007443
2003-05-16,-0.002024,-0.001224
2003-05-19,-0.022017,-0.010426
2003-05-20,-0.000310,-0.000089
2003-05-21,0.003965,0.003873
2003-05-22,0.009068,0.008584
2003-05-23,0.002720,0.007249
2003-05-27,0.018616,0.015815
2003-05-28,0.001873,0.006603
2003-05-29,-0.002381,0.006375
2003-05-30,0.014917,0.015390
2003-06-02,0.004382,0.006590
2003-06-03,0.003597,0.003286
2003-06-04,0.015277,0.016344
2003-06-05,0.005792,0.010643
2003-06-06,-0.003336,0.000103
2003-06-09,-0.012579,-0.007604
2003-06-10,0.009563,0.008610
2003-06-11,0.013377,0.010952
2003-06-12,0.001634,0.004598
2003-06-13,-0.009961,-0.007079
2003-06-16,0.020524,0.011857
2003-06-17,0.001213,0.004297
2003-06-18,-0.001679,0.001248
2003-06-19,-0.014222,-0.006852
2003-06-20,-0.000029,-0.000009
2003-06-23,-0.014824,-0.014388
2003-06-24,0.001761,0.001420
2003-06-25,-0.005039,0.002596
2003-06-26,0.010578,0.007697
2003-06-27,-0.007565,-0.000192
2003-06-30,-0.001247,0.000404
2003-07-01,0.006779,0.003256
2003-07-02,0.012673,0.016164
2003-07-03,-0.006433,-0.001650
2003-07-07,0.017833,0.015419
2003-07-08,0.004626,0.010532
2003-07-09,-0.003130,0.007287
2003-07-10,-0.013119,-0.006726
2003-07-11,0.008946,0.008204
2003-07-14,0.007305,0.009623
2003-07-15,-0.004232,-0.002720
2003-07-16,-0.006056,-0.002466
2003-07-17,-0.014502,-0.017620
2003-07-18,0.010647,0.006940
2003-07-21,-0.013153,-0.007817
2003-07-22,0.009225,0.007835
2003-07-23,0.002128,0.003378
2003-07-24,-0.005786,-0.000209
2003-07-25,0.014812,0.006072
2003-07-28,-0.000087,0.005780
2003-07-29,-0.005694,0.000195
2003-07-30,-0.002022,-0.002190
2003-07-31,0.002954,0.004928
2003-08-01,-0.009930,-0.008219
2003-08-04,0.000612,-0.002816
2003-08-05,-0.015913,-0.007774
2003-08-06,0.000031,-0.004450
2003-08-07,0.005845,-0.000407
2003-08-08,0.003421,0.001690
2003-08-11,0.004933,0.006635
2003-08-12,0.010299,0.009272
2003-08-13,-0.004396,0.002129
2003-08-14,0.005485,0.005284
2003-08-15,0.001097,0.001892
2003-08-18,0.009742,0.010435
2003-08-19,0.004374,0.008200
2003-08-20,-0.001200,0.002386
2003-08-21,0.004300,0.009154
2003-08-22,-0.010071,-0.006403
2003-08-25,-0.000861,-0.002039
2003-08-26,0.003082,0.002715
2003-08-27,0.002067,0.006870
2003-08-28,0.007012,0.008639
2003-08-29,0.005252,0.006835
2003-09-02,0.013285,0.013013
2003-09-03,0.004633,0.006407
2003-09-04,0.002509,0.006029
2003-09-05,-0.005392,-0.000213
2003-09-08,0.010332,0.010898
2003-09-09,-0.007523,-0.002093
2003-09-10,-0.013316,-0.012455
2003-09-11,0.005893,0.007928
2003-09-12,0.002416,0.004029
2003-09-15,-0.003410,0.000571
2003-09-16,0.013478,0.010951
2003-09-17,-0.002289,0.002349
2003-09-18,0.011918,0.008092
2003-09-19,-0.001433,0.003458
2003-09-22,-0.012240,-0.005914
2003-09-23,0.006262,0.007727
2003-09-24,-0.017653,-0.009986
2003-09-25,-0.008074,-0.013232
2003-09-26,-0.008389,-0.013085
2003-09-29,0.009705,0.007159
2003-09-30,-0.009054,-0.003590
2003-10-01,0.020888,0.015301
2003-10-02,0.003326,0.004592
2003-10-03,0.009717,0.009749
2003-10-06,0.005163,0.007322
2003-10-07,0.004998,0.006260
2003-10-08,-0.004394,-0.001340
2003-10-09,0.005326,0.005946
2003-10-10,0.000140,0.001437
2003-10-13,0.007721,0.010423
2003-10-14,0.004395,0.006228
2003-10-15,-0.003325,-0.002103
2003-10-16,0.003658,0.004563
2003-10-17,-0.010804,-0.007540
2003-10-20,0.003713,0.001836
2003-10-21,0.002752,0.004343
2003-10-22,-0.014458,-0.011672
2003-10-23,0.001176,-0.003985
2003-10-24,-0.004248,-0.003693
2003-10-27,0.004134,0.008859
2003-10-28,0.015113,0.012185
2003-10-29,0.002859,0.006919
2003-10-30,-0.000955,0.001370
2003-10-31,0.002428,0.001959
2003-11-03,0.008873,0.010932
2003-11-04,-0.003714,0.002004
2003-11-05,-0.000578,0.002436
2003-11-06,0.005487,0.005314
2003-11-07,-0.002324,0.002978
2003-11-10,-0.007259,-0.006173
2003-11-11,-0.002055,-0.005676
2003-11-12,0.013367,0.014352
2003-11-13,0.000510,0.002597
2003-11-14,-0.007764,-0.006905
2003-11-17,-0.007164,-0.009705
2003-11-18,-0.007721,-0.004267
2003-11-19,0.007142,0.003848
2003-11-20,-0.007335,-0.004990
2003-11-21,0.001907,0.002108
2003-11-24,0.016013,0.012823
2003-11-25,0.003440,0.006372
2003-11-26,0.004616,0.006305
2003-11-28,0.001486,0.005573
2003-12-01,0.010917,0.011020
2003-12-02,-0.002278,0.000896
2003-12-03,-0.002715,-0.004904
2003-12-04,0.002376,-0.000744
2003-12-05,-0.006926,-0.004201
2003-12-08,0.006418,0.003112
2003-12-09,-0.008974,-0.008538
2003-12-10,-0.003182,-0.009328
2003-12-11,0.012812,0.014629
2003-12-12,0.003440,0.007220
2003-12-15,-0.007059,-0.008949
2003-12-16,0.004763,-0.000305
2003-12-17,0.001536,0.001254
2003-12-18,0.012222,0.010770
2003-12-19,-0.000445,0.000012
2003-12-22,0.003886,0.003100
2003-12-23,0.003668,0.005755
2003-12-24,-0.001081,0.001372
2003-12-26,0.001947,0.004383
2003-12-29,0.012792,0.011611
2003-12-30,0.000757,0.003599
2003-12-31,0.000032,-0.001174
2004-01-02,-0.000784,0.006070
2004-01-05,0.012269,0.012936
2004-01-06,0.001951,0.004868
2004-01-07,0.002716,0.005653
2004-01-08,0.004865,0.008348
2004-01-09,-0.006234,-0.000313
2004-01-12,0.005251,0.008830
2004-01-13,-0.004591,-0.000546
2004-01-14,0.007248,0.006933
2004-01-15,0.001138,0.001466
2004-01-16,0.006970,0.008029
2004-01-20,0.002584,0.012299
2004-01-21,0.005595,0.002608
2004-01-22,-0.002894,-0.003088
2004-01-23,-0.001380,0.003266
2004-01-26,0.010493,0.007669
2004-01-27,-0.008574,-0.002394
2004-01-28,-0.014189,-0.013049
2004-01-29,0.001361,-0.008374
2004-01-30,-0.000614,0.003530
2004-02-02,0.002927,0.000397
2004-02-03,0.000126,0.000035
2004-02-04,-0.009916,-0.014544
2004-02-05,0.002283,0.001911
2004-02-06,0.014344,0.016339
2004-02-09,-0.000402,0.004509
2004-02-10,0.005805,0.007230
2004-02-11,0.010254,0.007439
2004-02-12,-0.004532,-0.002436
2004-02-13,-0.005320,-0.005332
2004-02-17,0.009798,0.009204
2004-02-18,-0.004464,-0.003134
2004-02-19,-0.005332,-0.006904
2004-02-20,-0.003538,-0.005238
2004-02-23,-0.005033,-0.010800
2004-02-24,-0.000969,-0.002408
2004-02-25,0.005125,0.006740
2004-02-26,0.002933,0.006325
2004-02-27,0.001570,0.005456
2004-03-01,0.010243,0.012118
2004-03-02,-0.005624,-0.002248
2004-03-03,0.001209,0.002227
2004-03-04,0.004571,0.007842
2004-03-05,0.002974,0.003454
2004-03-08,-0.008043,-0.006010
2004-03-09,-0.006631,-0.007299
2004-03-10,-0.015184,-0.014762
2004-03-11,-0.013977,-0.011873
2004-03-12,0.012795,0.014299
2004-03-15,-0.015556,-0.016513
2004-03-16,0.004603,-0.001220
2004-03-17,0.012464,0.013407
2004-03-18,-0.001498,-0.001807
2004-03-19,-0.009448,-0.003020
2004-03-22,-0.014014,-0.016140
2004-03-23,-0.000691,0.001573
2004-03-24,-0.003338,-0.003036
2004-03-25,0.016648,0.013398
2004-03-26,0.000327,0.003268
2004-03-29,0.013132,0.011186
2004-03-30,0.005163,0.006653
2004-03-31,0.000196,0.004052
2004-04-01,0.006667,0.006876
2004-04-02,0.008538,0.009104
2004-04-05,0.006553,0.005305
2004-04-06,-0.003434,-0.006199
2004-04-07,-0.004290,0.001555
2004-04-08,-0.001908,-0.000685
2004-04-12,0.003994,0.004262
2004-04-13,-0.014956,-0.014536
2004-04-14,-0.003373,-0.007152
2004-04-15,-0.000039,-0.001682
2004-04-16,0.004913,0.004400
2004-04-19,0.002221,0.004071
2004-04-20,-0.015416,-0.012450
2004-04-21,0.005474,0.002376
2004-04-22,0.014456,0.010784
2004-04-23,-0.000319,-0.000902
2004-04-26,-0.003138,-0.002583
2004-04-27,0.001199,-0.000098
2004-04-28,-0.015800,-0.017847
2004-04-29,-0.008753,-0.014693
2004-04-30,-0.006466,-0.010760
2004-05-03,0.008478,0.001712
2004-05-04,0.003519,0.006555
2004-05-05,0.002468,0.003218
2004-05-06,-0.008363,-0.011141
2004-05-07,-0.015939,-0.016933
2004-05-10,-0.013773,-0.021226
2004-05-11,0.009884,0.012822
2004-05-12,0.001178,-0.001461
2004-05-13,-0.000889,-0.001152
2004-05-14,-0.001343,-0.003696
2004-05-17,-0.010757,-0.013039
2004-05-18,0.007791,0.007593
2004-05-19,-0.001139,0.002872
2004-05-20,0.000381,-0.001566
2004-05-21,0.004478,0.006044
2004-05-24,0.003686,0.006881
2004-05-25,0.016309,0.014261
2004-05-26,0.002682,0.005591
2004-05-27,0.005656,0.004970
2004-05-28,0.000307,0.003178
2004-06-01,0.001364,0.002290
2004-06-02,0.002955,0.002682
2004-06-03,-0.008524,-0.009511
2004-06-04,0.006046,0.006289
2004-06-07,0.015589,0.012268
2004-06-08,0.000582,-0.000904
2004-06-09,-0.010733,-0.010233
2004-06-10,0.003580,0.000846
2004-06-14,-0.011044,-0.013468
2004-06-15,0.008004,0.009438
2004-06-16,0.001358,0.001806
2004-06-17,-0.000449,-0.000446
2004-06-18,0.002184,-0.000301
2004-06-21,-0.003711,-0.001545
2004-06-22,0.003830,0.003035
2004-06-23,0.008835,0.008442
2004-06-24,-0.001968,0.001372
2004-06-25,-0.001940,0.004424
2004-06-28,-0.002301,-0.002598
2004-06-29,0.002696,0.003792
2004-06-30,0.005474,0.006794
2004-07-01,-0.009929,-0.007867
2004-07-02,-0.001833,0.001427
2004-07-06,-0.009002,-0.010534
2004-07-07,0.001886,0.000561
2004-07-08,-0.009185,-0.012084
2004-07-09,0.003273,0.002667
2004-07-12,0.000081,-0.002861
2004-07-13,0.000549,-0.000970
2004-07-14,-0.002706,-0.003873
2004-07-15,-0.003322,0.000464
2004-07-16,-0.004665,-0.006544
2004-07-19,-0.000594,-0.004278
2004-07-20,0.007463,0.008189
2004-07-21,-0.014356,-0.015714
2004-07-22,0.000790,-0.004269
2004-07-23,-0.010177,-0.010551
2004-07-26,-0.004618,-0.009922
2004-07-27,0.010403,0.010437
2004-07-28,-0.000160,-0.001939
2004-07-29,0.006617,0.010064
2004-07-30,0.001476,0.006059
2004-08-02,0.003532,-0.001305
2004-08-03,-0.006665,-0.006849
2004-08-04,-0.002274,-0.003546
2004-08-05,-0.015923,-0.012299
2004-08-06,-0.014952,-0.015348
2004-08-09,0.000136,-0.004103
2004-08-10,0.013192,0.011240
2004-08-11,-0.003387,-0.006461
2004-08-12,-0.011633,-0.011899
2004-08-13,0.001956,0.000770
2004-08-16,0.013976,0.010962
2004-08-17,0.002929,0.004403
2004-08-18,0.012863,0.013785
2004-08-19,-0.003139,-0.001599
2004-08-20,0.008171,0.011319
2004-08-23,-0.003444,-0.002831
2004-08-24,0.000580,0.000577
2004-08-25,0.008004,0.007774
2004-08-26,-0.000350,-0.001207
2004-08-27,0.002978,0.005450
2004-08-30,-0.008130,-0.005770
2004-08-31,0.005090,0.005752
2004-09-01,0.003415,0.004554
2004-09-02,0.010564,0.008556
2004-09-03,-0.004227,-0.003308
2004-09-07,0.007449,0.006984
2004-09-08,-0.004534,-0.003547
2004-09-09,0.003149,0.007359
2004-09-10,0.004984,0.006192
2004-09-13,0.003109,0.005147
2004-09-14,0.001931,0.000419
2004-09-15,-0.006368,-0.003611
2004-09-16,0.004133,0.006377
2004-09-17,0.003348,0.001165
2004-09-20,-0.004637,-0.001893
2004-09-21,0.007498,0.007471
2004-09-22,-0.012931,-0.009903
2004-09-23,-0.003453,-0.000186
2004-09-24,0.001526,0.000875
2004-09-27,-0.006775,-0.008093
2004-09-28,0.006590,0.006535
2004-09-29,0.004718,0.005864
2004-09-30,0.001209,0.005099
2004-10-01,0.014771,0.013046
2004-10-04,0.003670,0.005085
2004-10-05,-0.000539,-0.000080
2004-10-06,0.006917,0.005977
2004-10-07,-0.010217,-0.007996
2004-10-08,-0.006684,-0.005678
2004-10-11,0.001698,0.002379
2004-10-12,-0.002378,-0.002547
2004-10-13,-0.007334,-0.006431
2004-10-14,-0.008117,-0.006096
2004-10-15,0.004768,0.004154
2004-10-18,0.004412,0.001701
2004-10-19,-0.008645,-0.004585
2004-10-20,0.001836,0.002842
2004-10-21,0.004427,0.007061
2004-10-22,-0.009257,-0.006434
2004-10-25,-0.000108,0.002031
2004-10-26,0.013014,0.006837
2004-10-27,0.012508,0.009868
2004-10-28,0.001125,0.000071
2004-10-29,0.002335,0.001993
2004-11-01,0.000818,0.001722
2004-11-02,0.000014,0.000245
2004-11-03,0.011655,0.010250
2004-11-04,0.014329,0.007671
2004-11-05,0.003812,0.004761
2004-11-08,-0.001256,-0.001109
2004-11-09,0.000582,0.004682
2004-11-10,0.000533,0.005021
2004-11-11,0.008916,0.008568
2004-11-12,0.008840,0.007782
2004-11-15,0.000475,0.003901
2004-11-16,-0.005987,-0.003363
2004-11-17,0.006101,0.007896
2004-11-18,0.000170,0.000565
2004-11-19,-0.009890,-0.005731
2004-11-22,0.006188,0.006321
2004-11-23,0.000873,0.003949
2004-11-24,0.005134,0.007947
2004-11-26,0.001805,0.004959
2004-11-29,-0.002265,0.003075
2004-11-30,-0.003304,-0.000669
2004-12-01,0.014061,0.009709
2004-12-02,-0.001620,-0.000687
2004-12-03,0.001251,0.003183
2004-12-06,-0.001273,-0.000049
2004-12-07,-0.011598,-0.011669
2004-12-08,0.004093,0.002901
2004-12-09,0.004163,0.000077
2004-12-10,-0.000318,0.002806
2004-12-13,0.008516,0.007077
2004-12-14,0.004305,0.005254
2004-12-15,0.003763,0.006400
2004-12-16,-0.003268,-0.003333
2004-12-17,-0.004307,0.001684
2004-12-20,-0.000797,-0.003273
2004-12-21,0.009004,0.007313
2004-12-22,0.003479,0.003717
2004-12-23,0.001100,0.003446
2004-12-27,-0.003973,-0.000818
2004-12-28,0.008061,0.010040
2004-12-29,0.000635,0.002215
2004-12-30,0.000697,0.004193
2004-12-31,-0.001006,0.003435
2005-01-03,-0.010034,-0.009869
2005-01-04,-0.012805,-0.014262
2005-01-05,-0.006124,-0.010687
2005-01-06,0.003483,0.002287
2005-01-07,-0.002217,-0.003704
2005-01-10,0.004212,0.003755
2005-01-11,-0.006282,-0.008537
2005-01-12,0.004215,0.002705
2005-01-13,-0.006858,-0.002709
2005-01-14,0.006240,0.007311
2005-01-18,0.009229,0.007684
2005-01-19,-0.008926,-0.006363
2005-01-20,-0.007464,-0.007668
2005-01-21,-0.004617,-0.001068
2005-01-24,-0.004884,-0.008397
2005-01-25,0.002687,0.001183
2005-01-26,0.006401,0.008623
2005-01-27,0.000685,0.001403
2005-01-28,-0.002823,-0.001581
2005-01-31,0.009458,0.011297
2005-02-01,0.006835,0.005319
2005-02-02,0.003886,0.005535
2005-02-03,-0.002612,-0.001503
2005-02-04,0.010821,0.009515
2005-02-07,-0.001330,0.000092
2005-02-08,0.001189,0.001395
2005-02-09,-0.008991,-0.010220
2005-02-10,0.004488,0.000507
2005-02-11,0.007830,0.007131
2005-02-14,0.001126,0.002061
2005-02-15,0.002769,0.000199
2005-02-16,0.001005,0.002078
2005-02-17,-0.007124,-0.005372
2005-02-18,0.000171,-0.001214
2005-02-22,-0.013717,-0.011550
2005-02-23,0.004849,0.002061
2005-02-24,0.007576,0.004865
2005-02-25,0.009857,0.008821
2005-02-28,-0.005807,-0.002731
2005-03-01,0.005390,0.004735
2005-03-02,0.000326,-0.001383
2005-03-03,0.000449,0.000914
2005-03-04,0.009633,0.006282
2005-03-07,0.002398,0.000829
2005-03-08,-0.004366,-0.004019
2005-03-09,-0.009488,-0.007195
2005-03-10,-0.000288,-0.004526
2005-03-11,-0.005027,-0.001217
2005-03-14,0.005694,0.001333
2005-03-15,-0.006290,-0.004356
2005-03-16,-0.007743,-0.006631
2005-03-17,0.002437,0.001191
2005-03-18,-0.001550,-0.003286
2005-03-21,-0.004379,-0.002710
2005-03-22,-0.008714,-0.004405
2005-03-23,-0.002604,-0.008747
2005-03-24,0.000349,0.002661
2005-03-28,0.000872,-0.001939
2005-03-29,-0.008085,-0.011556
2005-03-30,0.013133,0.009659
2005-03-31,0.001237,0.003774
2005-04-01,-0.005488,-0.003858
2005-04-04,0.002121,-0.001183
2005-04-05,0.003686,0.001685
2005-04-06,0.002551,0.001945
2005-04-07,0.005288,0.005046
2005-04-08,-0.008448,-0.006389
2005-04-11,-0.000777,-0.004473
2005-04-12,0.005017,0.002780
2005-04-13,-0.011829,-0.009663
2005-04-14,-0.011059,-0.012299
2005-04-15,-0.015775,-0.014739
2005-04-18,0.003002,-0.000051
2005-04-19,0.008087,0.012076
2005-04-20,-0.012648,-0.009398
2005-04-21,0.017855,0.012982
2005-04-22,-0.007110,-0.008138
2005-04-25,0.008939,0.006645
2005-04-26,-0.008553,-0.007975
2005-04-27,0.001882,-0.002878
2005-04-28,-0.011559,-0.012810
2005-04-29,0.010097,0.005917
2005-05-02,0.005299,0.003072
2005-05-03,-0.000979,-0.000220
2005-05-04,0.013061,0.012051
2005-05-05,-0.001302,0.001332
2005-05-06,-0.000078,0.001893
2005-05-09,0.006436,0.006494
2005-05-10,-0.009783,-0.006554
2005-05-11,0.003261,-0.000229
2005-05-12,-0.010554,-0.008441
2005-05-13,-0.005123,-0.003414
2005-05-16,0.009719,0.004931
2005-05-17,0.006678,0.003165
2005-05-18,0.011394,0.012251
2005-05-19,0.004915,0.003922
2005-05-20,-0.001387,0.000746
2005-05-23,0.004614,0.003867
2005-05-24,0.000438,0.000290
2005-05-25,-0.004287,-0.004650
2005-05-26,0.006905,0.008589
2005-05-27,0.002757,0.004985
2005-05-31,-0.004247,0.000770
2005-06-01,0.008958,0.007541
2005-06-02,0.002239,0.003684
2005-06-03,-0.005830,-0.002503
2005-06-06,0.001710,0.003161
2005-06-07,0.000036,0.000076
2005-06-08,-0.002303,-0.002540
2005-06-09,0.005718,0.004700
2005-06-10,-0.001464,0.000865
2005-06-13,0.002673,0.002505
2005-06-14,0.003109,0.004470
2005-06-15,0.002891,0.003823
2005-06-16,0.005130,0.007870
2005-06-17,0.003989,0.002749
2005-06-20,-0.000817,-0.001905
2005-06-21,-0.001898,0.001287
2005-06-22,0.001043,0.001429
2005-06-23,-0.009884,-0.008207
2005-06-24,-0.006615,-0.004097
2005-06-27,-0.000434,-0.001855
2005-06-28,0.009693,0.010304
2005-06-29,-0.000377,0.001425
2005-06-30,-0.005901,-0.000909
2005-07-01,0.003720,0.003112
2005-07-05,0.008493,0.007533
2005-07-06,-0.006066,-0.001712
2005-07-07,0.002715,0.001399
2005-07-08,0.011958,0.011395
2005-07-11,0.007191,0.008991
2005-07-12,0.002649,0.002586
2005-07-13,-0.000214,-0.000840
2005-07-14,0.000447,-0.001923
2005-07-15,0.001000,0.001540
2005-07-18,-0.004750,-0.002327
2005-07-19,0.008029,0.008707
2005-07-20,0.005585,0.007580
2005-07-21,-0.006793,-0.004299
2005-07-22,0.005734,0.007564
2005-07-25,-0.004223,-0.003476
2005-07-26,0.001937,0.003417
2005-07-27,0.004465,0.002456
2005-07-28,0.007127,0.007084
2005-07-29,-0.006238,-0.000079
2005-08-01,0.002078,0.002925
2005-08-02,0.007238,0.005400
2005-08-03,-0.000180,-0.000573
2005-08-04,-0.007447,-0.006831
2005-08-05,-0.008487,-0.007940
2005-08-08,-0.003114,-0.004064
2005-08-09,0.005458,0.000752
2005-08-10,-0.000374,-0.000990
2005-08-11,0.007422,0.006125
2005-08-12,-0.005027,-0.004234
2005-08-15,0.002584,0.002420
2005-08-16,-0.011451,-0.009431
2005-08-17,-0.000621,-0.000445
2005-08-18,-0.002088,-0.003425
2005-08-19,0.001963,0.002111
2005-08-22,0.002572,0.003189
2005-08-23,-0.002846,-0.000551
2005-08-24,-0.004397,-0.001047
2005-08-25,0.002226,0.002507
2005-08-26,-0.006717,-0.005619
2005-08-29,0.006143,0.003949
2005-08-30,-0.002326,-0.001661
2005-08-31,0.011704,0.011576
2005-09-01,0.002395,0.002765
2005-09-02,-0.003601,-0.001860
2005-09-06,0.011804,0.008457
2005-09-07,0.002850,0.003407
2005-09-08,-0.003348,-0.001986
2005-09-09,0.007809,0.005853
2005-09-12,-0.000641,0.002142
2005-09-13,-0.007076,-0.004601
2005-09-14,-0.003386,-0.004216
2005-09-15,-0.000044,-0.001384
2005-09-16,0.007278,0.005568
2005-09-19,-0.004308,-0.004028
2005-09-20,-0.007402,-0.004835
2005-09-21,-0.009359,-0.009264
2005-09-22,0.002136,-0.001606
2005-09-23,0.001564,0.003739
2005-09-26,0.002419,0.003580
2005-09-27,-0.000294,-0.000819
2005-09-28,0.001010,-0.000577
2005-09-29,0.008593,0.006485
2005-09-30,0.002438,0.004955
2005-10-03,0.000359,0.002597
2005-10-04,-0.009659,-0.005326
2005-10-05,-0.016797,-0.016440
2005-10-06,-0.006278,-0.008808
2005-10-07,0.004763,0.004599
2005-10-10,-0.007354,-0.006311
2005-10-11,-0.002660,-0.006699
2005-10-12,-0.008149,-0.013183
2005-10-13,-0.002073,-0.003260
2005-10-14,0.009479,0.009457
2005-10-17,0.003384,0.001986
2005-10-18,-0.010903,-0.008305
2005-10-19,0.014065,0.007871
2005-10-20,-0.014752,-0.010520
2005-10-21,0.003546,0.004975
2005-10-24,0.016991,0.012265
2005-10-25,-0.002063,-0.001741
2005-10-26,-0.004559,-0.003427
2005-10-27,-0.012109,-0.013615
2005-10-28,0.015056,0.009761
2005-10-31,0.009498,0.011805
2005-11-01,-0.002208,-0.001917
2005-11-02,0.012030,0.011853
2005-11-03,0.004217,0.002822
2005-11-04,-0.000369,0.000132
2005-11-07,0.002347,0.002920
2005-11-08,-0.003363,-0.003227
2005-11-09,0.001959,0.002089
2005-11-10,0.006975,0.002293
2005-11-11,0.003481,0.003131
2005-11-14,-0.000808,-0.002344
2005-11-15,-0.004674,-0.007574
2005-11-16,0.001544,-0.001143
2005-11-17,0.010690,0.011056
2005-11-18,0.004056,0.004784
2005-11-21,0.006446,0.006370
2005-11-22,0.005483,0.004034
2005-11-23,0.003323,0.003129
2005-11-25,0.002472,0.001829
2005-11-28,-0.009953,-0.008347
2005-11-29,0.000318,0.000601
2005-11-30,-0.004119,0.002684
2005-12-01,0.013266,0.011442
2005-12-02,0.001039,0.001856
2005-12-05,-0.002597,-0.002570
2005-12-06,0.001563,0.001998
2005-12-07,-0.004391,-0.002900
2005-12-08,0.000351,0.002083
2005-12-09,0.002604,0.004301
2005-12-12,0.001395,0.001348
2005-12-13,0.004149,0.000277
2005-12-14,0.003031,0.000873
2005-12-15,-0.002831,-0.003420
2005-12-16,-0.002413,-0.000976
2005-12-19,-0.007145,-0.007373
2005-12-20,0.000023,-0.001446
2005-12-21,0.003791,0.005357
2005-12-22,0.004622,0.005428
2005-12-23,0.000984,0.003363
2005-12-27,-0.009809,-0.007568
2005-12-28,0.002854,0.003299
2005-12-29,-0.002344,0.000077
2005-12-30,-0.004415,0.000053
2006-01-03,0.016406,0.010981
2006-01-04,0.005523,0.007697
2006-01-05,-0.000334,0.002920
2006-01-06,0.009805,0.009032
2006-01-09,0.004312,0.007009
2006-01-10,0.000989,0.004278
2006-01-11,0.003204,0.003297
2006-01-12,-0.006278,-0.002945
2006-01-13,0.001439,0.002924
2006-01-17,-0.003421,-0.002867
2006-01-18,-0.004248,-0.001829
2006-01-19,0.007658,0.010498
2006-01-20,-0.015943,-0.008843
2006-01-23,0.003150,0.003408
2006-01-24,0.004175,0.007592
2006-01-25,-0.002227,-0.000175
2006-01-26,0.008213,0.009464
2006-01-27,0.007056,0.005410
2006-01-30,0.001837,0.002908
2006-01-31,-0.001529,0.002841
2006-02-01,0.001468,0.002352
2006-02-02,-0.008453,-0.006317
2006-02-03,-0.004871,-0.002056
2006-02-06,0.002139,0.002836
2006-02-07,-0.010210,-0.009193
2006-02-08,0.006765,0.003501
2006-02-09,-0.001717,0.000101
2006-02-10,0.000948,-0.001475
2006-02-13,-0.004783,-0.005837
2006-02-14,0.009486,0.006873
2006-02-15,0.003464,0.004129
2006-02-16,0.007797,0.007215
2006-02-17,-0.000569,0.001237
2006-02-21,-0.002572,-0.001776
2006-02-22,0.006635,0.004830
2006-02-23,-0.002801,-0.000399
2006-02-24,0.002340,0.003795
2006-02-27,0.003461,0.003158
2006-02-28,-0.009851,-0.006854
2006-03-01,0.009403,0.009078
2006-03-02,-0.000446,0.000231
2006-03-03,-0.001259,-0.001027
2006-03-06,-0.007394,-0.005855
2006-03-07,-0.005324,-0.009664
2006-03-08,0.000706,-0.000948
2006-03-09,-0.004217,-0.001974
2006-03-10,0.007387,0.006532
2006-03-13,0.002782,0.002713
2006-03-14,0.010217,0.006560
2006-03-15,0.005301,0.006043
2006-03-16,0.001687,0.001905
2006-03-17,0.001372,0.001734
2006-03-20,-0.001418,0.000322
2006-03-21,-0.006708,-0.007002
2006-03-22,0.005976,0.006191
2006-03-23,-0.001281,0.002541
2006-03-24,0.002589,0.006016
2006-03-27,-0.000986,0.000744
2006-03-28,-0.005286,-0.002449
2006-03-29,0.009242,0.010950
2006-03-30,-0.000607,0.001429
2006-03-31,-0.002621,0.003551
2006-04-03,0.000840,-0.003250
2006-04-04,0.005596,0.001845
2006-04-05,0.004924,0.004004
2006-04-06,-0.000825,0.000650
2006-04-07,-0.009971,-0.006807
2006-04-10,0.000103,-0.002352
2006-04-11,-0.008218,-0.009424
2006-04-12,0.001730,0.003313
2006-04-13,0.001237,0.002778
2006-04-17,-0.001500,-0.000978
2006-04-18,0.017368,0.013838
2006-04-19,0.004286,0.007719
2006-04-20,-0.000820,-0.001617
2006-04-21,0.000196,0.001230
2006-04-24,-0.002941,-0.003063
2006-04-25,-0.004011,-0.001083
2006-04-26,0.002145,0.002321
2006-04-27,0.001845,-0.001708
2006-04-28,0.001336,0.003117
2006-05-01,-0.003281,-0.002505
2006-05-02,0.006042,0.004142
2006-05-03,-0.003151,-0.000189
2006-05-04,0.003972,0.005046
2006-05-05,0.010548,0.007474
2006-05-08,-0.000123,0.000513
2006-05-09,0.000884,-0.000121
2006-05-10,-0.001461,-0.003500
2006-05-11,-0.013542,-0.015042
2006-05-12,-0.012833,-0.013382
2006-05-15,-0.001102,-0.008804
2006-05-16,-0.001033,0.000396
2006-05-17,-0.017065,-0.012913
2006-05-18,-0.007167,-0.005529
2006-05-19,0.004179,0.001897
2006-05-22,-0.006254,-0.010935
2006-05-23,-0.003447,-0.000263
2006-05-24,-0.000251,-0.004145
2006-05-25,0.013911,0.012579
2006-05-26,0.006310,0.006560
2006-05-30,-0.015230,-0.012826
2006-05-31,0.009340,0.008139
2006-06-01,0.012579,0.012271
2006-06-02,0.002584,0.004354
2006-06-05,-0.018875,-0.016441
2006-06-06,-0.003566,-0.006274
2006-06-07,-0.006568,-0.003708
2006-06-08,-0.001106,-0.006287
2006-06-09,-0.003265,-0.001844
2006-06-12,-0.014845,-0.018169
2006-06-13,-0.013068,-0.016883
2006-06-14,0.005104,0.003091
2006-06-15,0.023848,0.024470
2006-06-16,-0.004451,-0.005124
2006-06-19,-0.010177,-0.010771
2006-06-20,-0.000519,-0.001002
2006-06-21,0.011788,0.011320
2006-06-22,-0.004869,-0.002921
2006-06-23,0.000926,0.002375
2006-06-26,0.005543,0.004767
2006-06-27,-0.009672,-0.010046
2006-06-28,0.004934,0.002077
2006-06-29,0.023620,0.022214
2006-06-30,0.001016,0.007850
2006-07-03,0.007911,0.006226
2006-07-05,-0.008493,-0.007863
2006-07-06,0.002202,0.002125
2006-07-07,-0.007512,-0.008871
2006-07-10,0.000428,-0.002190
2006-07-11,0.004158,0.003267
2006-07-12,-0.010938,-0.009838
2006-07-13,-0.014147,-0.014840
2006-07-14,-0.005289,-0.006891
2006-07-17,-0.003578,-0.006947
2006-07-18,0.001632,0.000127
2006-07-19,0.019847,0.019059
2006-07-20,-0.011008,-0.013452
2006-07-21,-0.008937,-0.010792
2006-07-24,0.017719,0.015016
2006-07-25,0.007591,0.006220
2006-07-26,0.000335,0.000631
2006-07-27,-0.005474,-0.005409
2006-07-28,0.013051,0.011783
2006-07-31,-0.000515,0.002443
2006-08-01,-0.005261,-0.007660
2006-08-02,0.006701,0.006878
2006-08-03,0.002366,0.003799
2006-08-04,-0.001169,-0.001980
2006-08-07,-0.003005,-0.004334
2006-08-08,-0.003901,-0.006171
2006-08-09,-0.004165,-0.005288
2006-08-10,0.003936,0.002548
2006-08-11,-0.004552,-0.006284
2006-08-14,0.000695,0.000266
2006-08-15,0.014926,0.012949
2006-08-16,0.009373,0.009995
2006-08-17,0.001454,0.003179
2006-08-18,0.002968,0.002935
2006-08-21,-0.003124,-0.003393
2006-08-22,0.001258,0.002716
2006-08-23,-0.005159,-0.006090
2006-08-24,0.001257,0.000662
2006-08-25,-0.000292,0.001549
2006-08-28,0.005565,0.005269
2006-08-29,0.003015,0.006953
2006-08-30,0.001335,0.005191
2006-08-31,0.000892,0.003152
2006-09-01,0.005059,0.003610
2006-09-05,0.002570,0.004396
2006-09-06,-0.011468,-0.012579
2006-09-07,-0.005378,-0.005234
2006-09-08,0.002437,0.001332
2006-09-11,-0.001584,-0.004027
2006-09-12,0.011411,0.011914
2006-09-13,0.005111,0.006698
2006-09-14,-0.002190,-0.001893
2006-09-15,0.002145,0.001515
2006-09-18,0.001524,0.001479
2006-09-19,-0.003259,-0.003654
2006-09-20,0.005183,0.004920
2006-09-21,-0.004423,-0.003890
2006-09-22,-0.003776,-0.005440
2006-09-25,0.007915,0.004573
2006-09-26,0.007254,0.003932
2006-09-27,0.002109,0.003680
2006-09-28,0.001863,0.001176
2006-09-29,-0.002990,-0.001974
2006-10-02,-0.003890,-0.005594
2006-10-03,-0.000401,-0.003132
2006-10-04,0.012363,0.010910
2006-10-05,0.005072,0.008536
2006-10-06,-0.003112,-0.001430
2006-10-09,0.002159,0.003724
2006-10-10,0.002247,0.002689
2006-10-11,-0.003595,-0.002578
2006-10-12,0.010567,0.012753
2006-10-13,0.003346,0.005475
2006-10-16,0.004362,0.007510
2006-10-17,-0.004576,-0.004043
2006-10-18,0.001011,0.000516
2006-10-19,0.002379,0.004938
2006-10-20,-0.000425,-0.002823
2006-10-23,0.005418,0.001171
2006-10-24,0.000818,0.000190
2006-10-25,0.004353,0.004211
2006-10-26,0.006477,0.006882
2006-10-27,-0.008193,-0.005486
2006-10-30,0.000333,0.001295
2006-10-31,0.000053,0.000668
2006-11-01,-0.008999,-0.010090
2006-11-02,-0.000135,-0.002943
2006-11-03,-0.000312,0.002871
2006-11-06,0.011518,0.009337
2006-11-07,0.001818,0.001225
2006-11-08,0.003357,0.003894
2006-11-09,-0.004640,-0.003960
2006-11-10,0.002155,0.003670
2006-11-13,0.002257,0.003079
2006-11-14,0.006933,0.008046
2006-11-15,0.004008,0.005532
2006-11-16,0.001138,0.000185
2006-11-17,0.000214,-0.000954
2006-11-20,0.000481,0.001416
2006-11-21,0.003124,0.003135
2006-11-22,0.003000,0.003233
2006-11-24,-0.001904,0.001694
2006-11-27,-0.014745,-0.014156
2006-11-28,0.003038,0.002724
2006-11-29,0.009670,0.009720
2006-11-30,0.001694,0.004401
2006-12-01,-0.002826,-0.002653
2006-12-04,0.009992,0.009365
2006-12-05,0.003862,0.003597
2006-12-06,-0.001081,0.000116
2006-12-07,-0.003428,-0.001337
2006-12-08,0.001159,0.000435
2006-12-11,0.001969,0.000909
2006-12-12,-0.002021,-0.003558
2006-12-13,0.001191,0.000337
2006-12-14,0.007678,0.004441
2006-12-15,0.000016,-0.000502
2006-12-18,-0.004988,-0.007153
2006-12-19,0.001873,-0.000050
2006-12-20,-0.000615,0.002350
2006-12-21,-0.003813,-0.001329
2006-12-22,-0.004549,-0.000630
2006-12-26,0.004335,0.004164
2006-12-27,0.007793,0.008709
2006-12-28,-0.001042,-0.000452
2006-12-29,-0.004516,-0.001133
2007-01-03,-0.001338,-0.000159
2007-01-04,0.000549,0.000591
2007-01-05,-0.007297,-0.009809
2007-01-08,0.002568,0.001731
2007-01-09,0.000006,0.000262
2007-01-10,0.002093,0.001338
2007-01-11,0.007322,0.007760
2007-01-12,0.006142,0.006821
2007-01-16,0.000297,0.000561
2007-01-17,-0.000608,-0.000106
2007-01-18,-0.004686,-0.007338
2007-01-19,0.004348,0.005339
2007-01-22,-0.005379,-0.004337
2007-01-23,0.005216,0.006200
2007-01-24,0.008798,0.006918
2007-01-25,-0.010735,-0.007872
2007-01-26,0.000090,0.003034
2007-01-29,0.000150,0.003428
2007-01-30,0.005761,0.005123
2007-01-31,0.006358,0.003520
2007-02-01,0.006258,0.006416
2007-02-02,0.001257,0.002299
2007-02-05,-0.000608,-0.001074
2007-02-06,0.001509,0.003197
2007-02-07,0.002194,0.003716
2007-02-08,-0.000426,0.001075
2007-02-09,-0.006912,-0.004901
2007-02-12,-0.003886,-0.002915
2007-02-13,0.008049,0.005359
2007-02-14,0.007231,0.004639
2007-02-15,0.001732,0.001444
2007-02-16,0.000511,0.002640
2007-02-20,0.003573,0.005982
2007-02-21,-0.000293,0.001667
2007-02-22,-0.000379,0.002277
2007-02-23,-0.002574,0.000068
2007-02-26,-0.001268,-0.001080
2007-02-27,-0.034119,-0.031231
2007-02-28,0.004744,0.003802
2007-03-01,-0.002843,-0.004932
2007-03-02,-0.012476,-0.011435
2007-03-05,-0.012010,-0.017184
2007-03-06,0.016740,0.017683
2007-03-07,-0.001349,0.000064
2007-03-08,0.007245,0.005598
2007-03-09,0.001632,0.001708
2007-03-12,0.003138,0.004002
2007-03-13,-0.020154,-0.017483
2007-03-14,0.005427,0.002280
2007-03-15,0.004778,0.006076
2007-03-16,-0.003606,-0.003144
2007-03-19,0.011056,0.007394
2007-03-20,0.006794,0.005634
2007-03-21,0.016761,0.012048
2007-03-22,-0.000141,0.002375
2007-03-23,0.001713,0.002268
2007-03-26,0.000555,0.000050
2007-03-27,-0.005696,-0.004883
2007-03-28,-0.007002,-0.004442
2007-03-29,0.003513,0.001980
2007-03-30,-0.000365,0.002461
2007-04-02,0.003037,0.002025
2007-04-03,0.008915,0.006778
2007-04-04,0.001478,0.001204
2007-04-05,0.003628,0.003187
2007-04-09,0.000584,0.000858
2007-04-10,0.002692,0.002476
2007-04-11,-0.005864,-0.004224
2007-04-12,0.006386,0.005780
2007-04-13,0.003735,0.005191
2007-04-16,0.010487,0.009227
2007-04-17,0.001030,-0.000892
2007-04-18,0.000311,-0.000862
2007-04-19,-0.002812,-0.004174
2007-04-20,0.009344,0.007880
2007-04-23,-0.001728,-0.000693
2007-04-24,-0.000741,-0.001111
2007-04-25,0.009470,0.005081
2007-04-26,-0.000595,-0.000090
2007-04-27,-0.000789,-0.001686
2007-04-30,-0.009282,-0.008639
2007-05-01,0.001749,-0.000804
2007-05-02,0.008276,0.009140
2007-05-03,0.003886,0.001993
2007-05-04,0.002895,0.002650
2007-05-07,0.002600,0.000893
2007-05-08,-0.001403,-0.002055
2007-05-09,0.003691,0.003003
2007-05-10,-0.013744,-0.013007
2007-05-11,0.010361,0.008263
2007-05-14,-0.002703,-0.004631
2007-05-15,-0.001860,-0.006056
2007-05-16,0.007337,0.002548
2007-05-17,-0.000512,-0.002035
2007-05-18,0.006785,0.005646
2007-05-21,0.003249,0.005990
2007-05-22,0.000937,0.004045
2007-05-23,-0.000932,-0.000894
2007-05-24,-0.011308,-0.011304
2007-05-25,0.006387,0.006418
2007-05-29,0.003050,0.004874
2007-05-30,0.008239,0.004318
2007-05-31,0.001606,0.004507
2007-06-01,0.005135,0.005396
2007-06-04,0.002104,0.002545
2007-06-05,-0.005316,-0.003570
2007-06-06,-0.009360,-0.007294
2007-06-07,-0.018105,-0.014220
2007-06-08,0.010780,0.006328
2007-06-11,0.001116,0.000193
2007-06-12,-0.010821,-0.010319
2007-06-13,0.014158,0.008852
2007-06-14,0.005360,0.004925
2007-06-15,0.007418,0.007951
2007-06-18,-0.000898,0.000237
2007-06-19,0.001782,0.002899
2007-06-20,-0.012706,-0.008315
2007-06-21,0.005398,0.002338
2007-06-22,-0.010740,-0.005932
2007-06-25,-0.004829,-0.006476
2007-06-26,-0.004021,-0.003078
2007-06-27,0.009350,0.008031
2007-06-28,0.000736,0.002357
2007-06-29,-0.000739,0.000124
2007-07-02,0.011414,0.008541
2007-07-03,0.003443,0.002199
2007-07-05,0.001215,0.001641
2007-07-06,0.004468,0.003896
2007-07-09,0.001553,0.002156
2007-07-10,-0.013593,-0.010451
2007-07-11,0.005071,0.002479
2007-07-12,0.017514,0.010693
2007-07-13,0.003170,0.001082
2007-07-16,-0.003056,-0.004465
2007-07-17,-0.000064,0.000060
2007-07-18,-0.001562,-0.003549
2007-07-19,0.004847,0.005587
2007-07-20,-0.011679,-0.009234
2007-07-23,0.003035,-0.000493
2007-07-24,-0.020135,-0.019044
2007-07-25,0.002672,-0.002476
2007-07-26,-0.023859,-0.021884
2007-07-27,-0.014757,-0.010659
2007-07-30,0.009317,0.004439
2007-07-31,-0.010143,-0.003866
2007-08-01,0.004114,-0.005684
2007-08-02,0.005966,0.004093
2007-08-03,-0.025944,-0.022608
2007-08-06,0.018013,0.000292
2007-08-07,0.006577,0.005444
2007-08-08,0.015606,0.017706
2007-08-09,-0.026888,-0.015519
2007-08-10,-0.000469,-0.000983
2007-08-13,-0.000555,-0.001632
2007-08-14,-0.019068,-0.017482
2007-08-15,-0.015670,-0.016746
2007-08-16,0.001849,-0.003934
2007-08-17,0.024410,0.021044
2007-08-20,0.001614,0.004000
2007-08-21,0.002145,0.003189
2007-08-22,0.013032,0.013399
2007-08-23,-0.001611,-0.002708
2007-08-24,0.012342,0.009734
2007-08-27,-0.008307,-0.004717
2007-08-28,-0.023434,-0.018346
2007-08-29,0.021811,0.016636
2007-08-30,-0.003810,-0.002015
2007-08-31,0.012299,0.012035
2007-09-04,0.011092,0.008003
2007-09-05,-0.010081,-0.007605
2007-09-06,0.004420,0.003937
2007-09-07,-0.016224,-0.012456
2007-09-10,-0.002909,-0.005696
2007-09-11,0.013507,0.009619
2007-09-12,0.000216,-0.001838
2007-09-13,0.007386,0.001737
2007-09-14,0.001266,0.002020
2007-09-17,-0.005816,-0.007233
2007-09-18,0.029282,0.023126
2007-09-19,0.005785,0.008313
2007-09-20,-0.005199,-0.004041
2007-09-21,0.004909,0.004343
2007-09-24,-0.004467,-0.004006
2007-09-25,-0.000433,-0.002189
2007-09-26,0.005497,0.005468
2007-09-27,0.005356,0.006289
2007-09-28,-0.002684,-0.001759
2007-10-01,0.013730,0.012510
2007-10-02,0.000505,0.004613
2007-10-03,-0.005146,-0.003678
2007-10-04,0.002714,0.003147
2007-10-05,0.011823,0.012578
2007-10-08,-0.003018,-0.002330
2007-10-09,0.008034,0.006015
2007-10-10,-0.000231,0.001133
2007-10-11,-0.005186,-0.007075
2007-10-12,0.005326,0.005038
2007-10-15,-0.008594,-0.008211
2007-10-16,-0.007019,-0.006445
2007-10-17,0.002874,0.001282
2007-10-18,0.000420,0.000275
2007-10-19,-0.024591,-0.020867
2007-10-22,0.003280,0.003886
2007-10-23,0.010240,0.007451
2007-10-24,-0.003240,-0.004884
2007-10-25,-0.001014,-0.002181
2007-10-26,0.013813,0.010354
2007-10-29,0.005375,0.002897
2007-10-30,-0.006892,-0.005773
2007-10-31,0.013188,0.009577
2007-11-01,-0.025887,-0.024121
2007-11-02,0.002063,-0.000496
2007-11-05,-0.006631,-0.009896
2007-11-06,0.012829,0.006438
2007-11-07,-0.026880,-0.022753
2007-11-08,-0.000584,-0.001326
2007-11-09,-0.015044,-0.010192
2007-11-12,-0.014034,-0.011189
2007-11-13,0.027892,0.018369
2007-11-14,-0.005799,-0.004734
2007-11-15,-0.014097,-0.011762
2007-11-16,0.004588,-0.001511
2007-11-19,-0.018698,-0.020127
2007-11-20,0.003988,-0.003493
2007-11-21,-0.015274,-0.011390
2007-11-23,0.016333,0.015283
2007-11-26,-0.020441,-0.016998
2007-11-27,0.012176,0.003977
2007-11-28,0.029412,0.024263
2007-11-29,-0.000339,-0.000088
2007-11-30,0.007109,0.007040
2007-12-03,-0.005527,-0.006714
2007-12-04,-0.007229,-0.007347
2007-12-05,0.014447,0.010811
2007-12-06,0.015710,0.016994
2007-12-07,-0.000210,0.002029
2007-12-10,0.007767,0.005163
2007-12-11,-0.025421,-0.020362
2007-12-12,0.005673,0.002328
2007-12-13,-0.000994,-0.005211
2007-12-14,-0.013436,-0.013185
2007-12-17,-0.016014,-0.017896
2007-12-18,0.006433,0.007592
2007-12-19,-0.000322,0.000468
2007-12-20,0.006285,0.005770
2007-12-21,0.017143,0.015064
2007-12-24,0.009125,0.009065
2007-12-26,0.001511,0.003201
2007-12-27,-0.013539,-0.014165
2007-12-28,0.002045,-0.000388
2007-12-31,-0.006516,0.001093
2008-01-02,-0.011818,-0.006580
2008-01-03,-0.000953,-0.004544
2008-01-04,-0.025688,-0.022417
2008-01-07,0.000185,-0.001854
2008-01-08,-0.017053,-0.014033
2008-01-09,0.009987,-0.000434
2008-01-10,0.008434,0.009699
2008-01-11,-0.013919,-0.011295
2008-01-14,0.010459,0.007797
2008-01-15,-0.024754,-0.018427
2008-01-16,-0.006665,-0.000088
2008-01-17,-0.027744,-0.021596
2008-01-18,-0.005560,-0.007317
2008-01-22,-0.009421,-0.010336
2008-01-23,0.019784,0.018216
2008-01-24,0.012578,0.011073
2008-01-25,-0.012957,-0.001540
2008-01-28,0.017161,0.013508
2008-01-29,0.006401,0.007683
2008-01-30,-0.005359,-0.002545
2008-01-31,0.014960,0.015154
2008-02-01,0.016003,0.015751
2008-02-04,-0.008995,-0.003026
2008-02-05,-0.030848,-0.021564
2008-02-06,-0.008001,-0.007234
2008-02-07,0.007713,0.005190
2008-02-08,-0.002069,-0.002751
2008-02-11,0.005789,0.002814
2008-02-12,0.006264,0.004114
2008-02-13,0.014377,0.013170
2008-02-14,-0.013217,-0.013637
2008-02-15,-0.000457,-0.004058
2008-02-19,0.000611,0.002554
2008-02-20,0.008875,0.005108
2008-02-21,-0.011826,-0.009669
2008-02-22,0.006783,0.000398
2008-02-25,0.015093,0.013327
2008-02-26,0.008250,0.009598
2008-02-27,-0.000760,-0.000004
2008-02-28,-0.007712,-0.008707
2008-02-29,-0.026162,-0.020156
2008-03-03,-0.000440,-0.005173
2008-03-04,-0.004797,-0.006713
2008-03-05,0.006941,0.003282
2008-03-06,-0.022033,-0.021415
2008-03-07,-0.008764,-0.007650
2008-03-10,-0.018223,-0.020818
2008-03-11,0.035783,0.027089
2008-03-12,-0.007002,-0.004185
2008-03-13,0.007295,0.007472
2008-03-14,-0.020005,-0.018156
2008-03-17,-0.014947,-0.020958
2008-03-18,0.039596,0.028541
2008-03-19,-0.026077,-0.017066
2008-03-20,0.021232,0.014587
2008-03-24,0.017603,0.021720
2008-03-25,0.005737,0.010894
2008-03-26,-0.006417,-0.002748
2008-03-27,-0.010149,-0.004629
2008-03-28,-0.007963,-0.007239
2008-03-31,0.005316,0.005286
2008-04-01,0.032159,0.020949
2008-04-02,0.000356,0.003264
2008-04-03,0.002689,0.001723
2008-04-04,0.001956,0.002790
2008-04-07,0.001709,0.001831
2008-04-08,-0.003187,-0.002678
2008-04-09,-0.009015,-0.011449
2008-04-10,0.005600,0.005070
2008-04-11,-0.019553,-0.015648
2008-04-14,-0.002547,-0.004390
2008-04-15,0.005102,0.002152
2008-04-16,0.024171,0.017917
2008-04-17,-0.001209,-0.001984
2008-04-18,0.016587,0.012480
2008-04-21,-0.000549,-0.001554
2008-04-22,-0.009247,-0.012820
2008-04-23,0.001109,0.002103
2008-04-24,0.005093,0.007875
2008-04-25,0.006936,0.005700
2008-04-28,0.000288,0.003713
2008-04-29,-0.005660,-0.004852
2008-04-30,-0.001543,0.001720
2008-05-01,0.014565,0.010972
2008-05-02,0.003265,0.000372
2008-05-05,-0.002623,-0.001149
2008-05-06,0.008434,0.006279
2008-05-07,-0.015892,-0.011596
2008-05-08,0.004607,0.002007
2008-05-09,-0.004564,-0.000632
2008-05-12,0.011008,0.010800
2008-05-13,0.000777,0.002637
2008-05-14,0.003042,0.002006
2008-05-15,0.011160,0.008123
2008-05-16,0.002444,0.001134
2008-05-19,-0.000218,-0.000465
2008-05-20,-0.005979,-0.003441
2008-05-21,-0.015336,-0.009030
2008-05-22,0.002913,0.003284
2008-05-23,-0.011537,-0.007284
2008-05-27,0.004890,0.006128
2008-05-28,0.005731,0.003516
2008-05-29,0.004398,0.005273
2008-05-30,0.003259,0.004897
2008-06-02,-0.008973,-0.008327
2008-06-03,-0.004849,-0.001827
2008-06-04,-0.000875,0.001370
2008-06-05,0.020267,0.014712
2008-06-06,-0.026706,-0.019843
2008-06-09,-0.000595,-0.007748
2008-06-10,-0.005030,-0.005357
2008-06-11,-0.015201,-0.014938
2008-06-12,0.001469,0.001032
2008-06-13,0.014706,0.012214
2008-06-16,0.003269,0.005457
2008-06-17,-0.003948,-0.004326
2008-06-18,-0.008270,-0.008336
2008-06-19,0.002404,0.002764
2008-06-20,-0.017501,-0.013806
2008-06-23,-0.000861,-0.008977
2008-06-24,-0.006232,-0.009804
2008-06-25,0.006273,0.007383
2008-06-26,-0.026181,-0.019205
2008-06-27,-0.002492,-0.005735
2008-06-30,-0.001020,-0.005703
2008-07-01,0.001815,-0.006281
2008-07-02,-0.020998,-0.018104
2008-07-03,-0.002418,-0.006058
2008-07-07,-0.008580,-0.011638
2008-07-08,0.017020,0.018354
2008-07-09,-0.019383,-0.014158
2008-07-10,0.007644,0.002293
2008-07-11,-0.008282,-0.003134
2008-07-14,-0.008231,-0.012314
2008-07-15,-0.011492,-0.009188
2008-07-16,0.024079,0.026523
2008-07-17,0.009662,0.016424
2008-07-18,0.000317,0.000886
2008-07-21,0.003991,0.006922
2008-07-22,0.011136,0.015198
2008-07-23,0.001831,0.006601
2008-07-24,-0.024336,-0.018608
2008-07-25,0.005552,0.006381
2008-07-28,-0.016515,-0.013748
2008-07-29,0.021268,0.016848
2008-07-30,0.016480,0.006791
2008-07-31,-0.011726,-0.002699
2008-08-01,-0.005172,-0.000643
2008-08-04,-0.013381,-0.012175
2008-08-05,0.024519,0.013529
2008-08-06,0.005716,0.006614
2008-08-07,-0.016834,-0.012514
2008-08-08,0.019189,0.015856
2008-08-11,0.006653,0.010688
2008-08-12,-0.009640,-0.005649
2008-08-13,-0.000114,0.002639
2008-08-14,0.005112,0.006583
2008-08-15,0.001349,-0.000840
2008-08-18,-0.013401,-0.009901
2008-08-19,-0.008881,-0.011698
2008-08-20,0.006869,0.002737
2008-08-21,0.003188,-0.002198
2008-08-22,0.009527,0.009552
2008-08-25,-0.018552,-0.015097
2008-08-26,0.003558,0.002901
2008-08-27,0.009602,0.008219
2008-08-28,0.014314,0.013386
2008-08-29,-0.011672,-0.003383
2008-09-02,-0.007020,-0.003504
2008-09-03,-0.002974,-0.000438
2008-09-04,-0.028947,-0.021585
2008-09-05,0.003865,-0.000287
2008-09-08,0.014831,0.007695
2008-09-09,-0.034997,-0.028931
2008-09-10,0.008558,0.003563
2008-09-11,0.010959,-0.002848
2008-09-12,0.005355,0.004946
2008-09-15,-0.045694,-0.039339
2008-09-16,0.015211,0.003425
2008-09-17,-0.045480,-0.040852
2008-09-18,0.044149,0.041546
2008-09-19,0.046130,0.049560
2008-09-22,-0.036822,-0.026831
2008-09-23,-0.015606,-0.012835
2008-09-24,-0.003261,-0.009146
2008-09-25,0.016536,0.008866
2008-09-26,-0.001974,-0.008251
2008-09-29,-0.082622,-0.061273
2008-09-30,0.046630,0.027763
2008-10-01,-0.005703,-0.004615
2008-10-02,-0.045669,-0.039095
2008-10-03,-0.014310,-0.016888
2008-10-06,-0.042386,-0.059322
2008-10-07,-0.057971,-0.047021
2008-10-08,-0.011662,-0.026835
2008-10-09,-0.072777,-0.063671
2008-10-10,-0.012027,-0.006462
2008-10-13,0.114918,0.107422
2008-10-14,-0.009039,-0.001674
2008-10-15,-0.089818,-0.070781
2008-10-16,0.039640,0.029535
2008-10-17,-0.002514,0.001630
2008-10-20,0.046511,0.035555
2008-10-21,-0.031528,-0.020675
2008-10-22,-0.059158,-0.048848
2008-10-23,0.000863,-0.020278
2008-10-24,-0.033427,-0.031303
2008-10-27,-0.036965,-0.035385
2008-10-28,0.095343,0.050386
2008-10-29,0.001444,0.021629
2008-10-30,0.031975,0.035643
2008-10-31,0.018105,0.033921
2008-11-03,-0.000641,0.008679
2008-11-04,0.039047,0.026558
2008-11-05,-0.050732,-0.037383
2008-11-06,-0.049131,-0.038083
2008-11-07,0.026437,0.014462
2008-11-10,-0.013354,-0.019190
2008-11-11,-0.024377,-0.028206
2008-11-12,-0.053637,-0.053999
2008-11-13,0.068028,0.048470
2008-11-14,-0.043682,-0.039602
2008-11-17,-0.023999,-0.022056
2008-11-18,0.005702,-0.010726
2008-11-19,-0.063961,-0.064334
2008-11-20,-0.070115,-0.067040
2008-11-21,0.061122,0.033462
2008-11-24,0.066174,0.063643
2008-11-25,0.009671,0.015473
2008-11-26,0.038407,0.052113
2008-11-28,0.010100,0.020016
2008-12-01,-0.089406,-0.078240
2008-12-02,0.037723,0.035206
2008-12-03,0.024009,0.014731
2008-12-04,-0.030146,-0.021850
2008-12-05,0.036150,0.026043
2008-12-08,0.040442,0.037923
2008-12-09,-0.022388,-0.014899
2008-12-10,0.015166,0.022018
2008-12-11,-0.029891,-0.026441
2008-12-12,0.010480,0.017837
2008-12-15,-0.013872,-0.019337
2008-12-16,0.052898,0.046643
2008-12-17,-0.004826,0.010979
2008-12-18,-0.020525,-0.011857
2008-12-19,0.003924,0.003826
2008-12-22,-0.019157,-0.012689
2008-12-23,-0.007592,-0.007736
2008-12-24,0.004521,0.005042
2008-12-26,0.007194,0.011107
2008-12-29,-0.004360,-0.015163
2008-12-30,0.024797,0.021418
2008-12-31,0.017414,0.034456
2009-01-02,0.030510,0.038274
2009-01-05,-0.000600,0.016764
2009-01-06,0.011304,0.033647
2009-01-07,-0.030514,-0.022271
2009-01-08,0.006280,0.011896
2009-01-09,-0.022413,-0.018748
2009-01-12,-0.025568,-0.026589
2009-01-13,0.003519,0.003554
2009-01-14,-0.035213,-0.035065
2009-01-15,0.004642,0.005630
2009-01-16,0.008418,0.008792
2009-01-20,-0.055325,-0.051506
2009-01-21,0.043230,0.036151
2009-01-22,-0.018234,-0.021960
2009-01-23,0.006850,0.003373
2009-01-26,0.006103,0.010067
2009-01-27,0.011298,0.010037
2009-01-28,0.033821,0.030523
2009-01-29,-0.032865,-0.028890
2009-01-30,-0.020762,-0.012829
2009-02-02,-0.001062,0.001559
2009-02-03,0.014347,0.008983
2009-02-04,-0.004421,-0.004053
2009-02-05,0.015561,0.011978
2009-02-06,0.027958,0.026723
2009-02-09,0.001231,0.000768
2009-02-10,-0.046016,-0.035051
2009-02-11,0.007331,0.004636
2009-02-12,0.002613,-0.000766
2009-02-13,-0.008813,-0.002111
2009-02-17,-0.045276,-0.041883
2009-02-18,-0.003754,-0.011621
2009-02-19,-0.011181,-0.015135
2009-02-20,-0.011754,-0.020020
2009-02-23,-0.036170,-0.030842
2009-02-24,0.040235,0.037750
2009-02-25,-0.010685,-0.015518
2009-02-26,-0.012138,-0.007036
2009-02-27,-0.019064,-0.010389
2009-03-02,-0.049821,-0.055698
2009-03-03,-0.006348,-0.013924
2009-03-04,0.025915,0.029680
2009-03-05,-0.041860,-0.049091
2009-03-06,0.001621,-0.002234
2009-03-09,-0.011377,-0.016324
2009-03-10,0.063422,0.062630
2009-03-11,0.004072,0.005505
2009-03-12,0.041933,0.051270
2009-03-13,0.006023,0.009588
2009-03-16,-0.004804,0.001275
2009-03-17,0.031034,0.030369
2009-03-18,0.022385,0.034165
2009-03-19,-0.008012,0.007670
2009-03-20,-0.020275,-0.014139
2009-03-23,0.069105,0.064792
2009-03-24,-0.019974,-0.016054
2009-03-25,0.009027,0.017815
2009-03-26,0.025297,0.035827
2009-03-27,-0.021626,-0.021526
2009-03-30,-0.036280,-0.031869
2009-03-31,0.014267,0.020144
2009-04-01,0.017239,0.015828
2009-04-02,0.031761,0.039004
2009-04-03,0.011627,0.012703
2009-04-06,-0.009808,-0.007213
2009-04-07,-0.024674,-0.020098
2009-04-08,0.013138,0.017512
2009-04-09,0.039518,0.045860
2009-04-13,0.003955,0.007468
2009-04-14,-0.019520,-0.012727
2009-04-15,0.012453,0.013648
2009-04-16,0.016078,0.020373
2009-04-17,0.006012,0.013755
2009-04-20,-0.044786,-0.042003
2009-04-21,0.022800,0.029020
2009-04-22,-0.005681,0.005406
2009-04-23,0.009211,0.001729
2009-04-24,0.018978,0.021507
2009-04-27,-0.011404,-0.011689
2009-04-28,-0.002835,0.005018
2009-04-29,0.024540,0.028567
2009-04-30,-0.000430,0.004244
2009-05-01,0.005987,0.008472
2009-05-04,0.035889,0.037638
2009-05-05,-0.003448,0.002787
2009-05-06,0.016053,0.015218
2009-05-07,-0.015484,-0.011281
2009-05-08,0.027335,0.033986
2009-05-11,-0.020759,-0.006809
2009-05-12,-0.002677,-0.005772
2009-05-13,-0.031176,-0.036948
2009-05-14,0.012419,0.013597
2009-05-15,-0.010650,-0.008198
2009-05-18,0.033054,0.034462
2009-05-19,0.000466,0.004847
2009-05-20,-0.001755,0.000386
2009-05-21,-0.016571,-0.013909
2009-05-22,-0.000103,0.000888
2009-05-26,0.028135,0.027228
2009-05-27,-0.017294,-0.010079
2009-05-28,0.015059,0.008296
2009-05-29,0.014740,0.014973
2009-06-01,0.027052,0.029234
2009-06-02,0.003122,0.006477
2009-06-03,-0.017238,-0.010874
2009-06-04,0.013645,0.019881
2009-06-05,-0.003123,0.001207
2009-06-08,-0.002646,-0.003553
2009-06-09,0.005508,0.008719
2009-06-10,-0.002825,-0.002291
2009-06-11,0.007230,0.010810
2009-06-12,-0.001361,-0.002603
2009-06-15,-0.025446,-0.023409
2009-06-16,-0.013130,-0.011482
2009-06-17,-0.003046,-0.001874
2009-06-18,0.006605,0.003136
2009-06-19,0.004131,0.006317
2009-06-22,-0.033191,-0.033322
2009-06-23,0.002281,-0.002680
2009-06-24,0.008957,0.008663
2009-06-25,0.021607,0.021953
2009-06-26,0.000918,0.009696
2009-06-29,0.007681,0.002620
2009-06-30,-0.007744,-0.001692
2009-07-01,0.006075,0.011727
2009-07-02,-0.028164,-0.024530
2009-07-06,-0.001715,-0.008867
2009-07-07,-0.019566,-0.015998
2009-07-08,-0.003674,-0.010970
2009-07-09,0.004887,0.005021
2009-07-10,-0.003400,-0.000116
2009-07-13,0.023959,0.016221
2009-07-14,0.007242,0.008311
2009-07-15,0.031167,0.029617
2009-07-16,0.009462,0.008224
2009-07-17,-0.000100,-0.001876
2009-07-20,0.013517,0.015346
2009-07-21,0.002507,-0.001750
2009-07-22,0.000626,0.006326
2009-07-23,0.024248,0.022672
2009-07-24,0.004318,0.006538
2009-07-27,0.003428,0.007161
2009-07-28,-0.003760,0.001287
2009-07-29,-0.006496,-0.005145
2009-07-30,0.013405,0.015049
2009-07-31,0.002687,0.004968
2009-08-03,0.017978,0.019051
2009-08-04,0.002512,0.006835
2009-08-05,-0.002058,0.000603
2009-08-06,-0.007500,-0.007208
2009-08-07,0.013329,0.017848
2009-08-10,-0.004378,0.002096
2009-08-11,-0.013741,-0.011713
2009-08-12,0.012282,0.012435
2009-08-13,0.008382,0.007157
2009-08-14,-0.010026,-0.012073
2009-08-17,-0.026025,-0.025879
2009-08-18,0.012018,0.015007
2009-08-19,0.006913,0.006590
2009-08-20,0.010693,0.010307
2009-08-21,0.018217,0.016437
2009-08-24,-0.000860,0.001050
2009-08-25,0.002744,0.005311
2009-08-26,-0.000795,0.003465
2009-08-27,0.003060,0.002991
2009-08-28,-0.001408,-0.001743
2009-08-31,-0.009184,-0.009000
2009-09-01,-0.021972,-0.019637
2009-09-02,-0.002627,-0.000628
2009-09-03,0.010726,0.010589
2009-09-04,0.014000,0.013220
2009-09-08,0.010437,0.011746
2009-09-09,0.007804,0.011660
2009-09-10,0.011127,0.012918
2009-09-11,0.000072,0.002029
2009-09-14,0.006409,0.008107
2009-09-15,0.006161,0.009201
2009-09-16,0.016251,0.016894
2009-09-17,-0.003713,0.000090
2009-09-18,0.001851,0.002461
2009-09-21,-0.004265,-0.001788
2009-09-22,0.008567,0.009561
2009-09-23,-0.010386,-0.005232
2009-09-24,-0.012689,-0.015847
2009-09-25,-0.006367,-0.002444
2009-09-28,0.017970,0.015758
2009-09-29,-0.001059,0.000061
2009-09-30,-0.002862,-0.004316
2009-10-01,-0.027110,-0.024204
2009-10-02,-0.005280,-0.006507
2009-10-05,0.016024,0.015677
2009-10-06,0.014541,0.013401
2009-10-07,0.003057,0.002384
2009-10-08,0.009684,0.009296
2009-10-09,0.005240,0.006573
2009-10-12,0.003864,0.000513
2009-10-13,-0.001931,-0.000480
2009-10-14,0.017853,0.014102
2009-10-15,0.002388,0.000130
2009-10-16,-0.008156,-0.006059
2009-10-19,0.009989,0.007874
2009-10-20,-0.007955,-0.009123
2009-10-21,-0.008387,-0.006952
2009-10-22,0.010145,0.006973
2009-10-23,-0.012745,-0.013168
2009-10-26,-0.013211,-0.012990
2009-10-27,-0.006312,-0.010169
2009-10-28,-0.023878,-0.030392
2009-10-29,0.023841,0.020349
2009-10-30,-0.027998,-0.023885
2009-11-02,0.005094,-0.001022
2009-11-03,0.005758,0.009401
2009-11-04,0.000887,-0.002387
2009-11-05,0.019376,0.020275
2009-11-06,0.001559,-0.000597
2009-11-09,0.023285,0.015690
2009-11-10,-0.000683,-0.006304
2009-11-11,0.005488,0.005813
2009-11-12,-0.011725,-0.014038
2009-11-13,0.006830,0.007890
2009-11-16,0.015600,0.016714
2009-11-17,0.001234,-0.001824
2009-11-18,-0.000955,-0.001355
2009-11-19,-0.014033,-0.014576
2009-11-20,-0.003935,-0.001469
2009-11-23,0.012969,0.010755
2009-11-24,-0.001315,-0.002305
2009-11-25,0.005831,0.003686
2009-11-27,-0.018568,-0.016734
2009-11-30,0.003952,0.002433
2009-12-01,0.014001,0.012539
2009-12-02,0.002350,0.005848
2009-12-03,-0.008827,-0.006843
2009-12-04,0.005376,0.011082
2009-12-07,-0.001596,0.001961
2009-12-08,-0.010591,-0.007915
2009-12-09,0.003547,0.002190
2009-12-10,0.005297,-0.001180
2009-12-11,0.003163,0.005236
2009-12-14,0.008485,0.009914
2009-12-15,-0.004616,-0.004277
2009-12-16,0.003319,0.005027
2009-12-17,-0.012564,-0.010307
2009-12-18,0.006076,0.005057
2009-12-21,0.009765,0.009406
2009-12-22,0.004612,0.005825
2009-12-23,0.004734,0.008581
2009-12-24,0.005243,0.005349
2009-12-28,0.000985,-0.000148
2009-12-29,-0.000929,0.001686
2009-12-30,-0.000670,0.000497
2009-12-31,-0.008656,-0.002657
2010-01-04,0.017123,0.019120
2010-01-05,0.003374,0.002475
2010-01-06,0.002046,0.003210
2010-01-07,0.002860,0.006887
2010-01-08,0.004173,0.007230
2010-01-11,0.001141,0.003568
2010-01-12,-0.010995,-0.010170
2010-01-13,0.008636,0.008890
2010-01-14,0.002307,0.004431
2010-01-15,-0.011325,-0.008664
2010-01-19,0.012057,0.011286
2010-01-20,-0.011076,-0.009048
2010-01-21,-0.017773,-0.014191
2010-01-22,-0.021001,-0.014432
2010-01-25,0.003901,0.000975
2010-01-26,-0.004922,-0.006016
2010-01-27,0.004186,0.001880
2010-01-28,-0.011333,-0.008876
2010-01-29,-0.010301,-0.008187
2010-02-01,0.015111,0.011349
2010-02-02,0.012229,0.008665
2010-02-03,-0.004982,-0.003824
2010-02-04,-0.031982,-0.028128
2010-02-05,0.002652,0.000458
2010-02-08,-0.008235,-0.005335
2010-02-09,0.013880,0.011905
2010-02-10,-0.001476,0.000019
2010-02-11,0.012086,0.012798
2010-02-12,-0.000652,0.003119
2010-02-16,0.017979,0.014446
2010-02-17,0.004659,0.005052
2010-02-18,0.006192,0.004381
2010-02-19,0.002459,0.001958
2010-02-22,-0.001114,0.001988
2010-02-23,-0.013085,-0.008433
2010-02-24,0.008534,0.005357
2010-02-25,-0.000709,-0.000974
2010-02-26,0.001843,0.001600
2010-03-01,0.011987,0.012953
2010-03-02,0.004423,0.007848
2010-03-03,0.001605,0.002861
2010-03-04,0.003100,0.004645
2010-03-05,0.014507,0.015185
2010-03-08,0.000714,0.003795
2010-03-09,0.001653,0.002518
2010-03-10,0.005048,0.006226
2010-03-11,0.003968,0.003264
2010-03-12,0.000759,0.000603
2010-03-15,-0.000684,-0.003172
2010-03-16,0.008745,0.007171
2010-03-17,0.005613,0.004725
2010-03-18,-0.002034,-0.002672
2010-03-19,-0.006911,-0.007940
2010-03-22,0.005863,0.006288
2010-03-23,0.007665,0.008460
2010-03-24,-0.006621,-0.005153
2010-03-25,-0.002437,-0.003448
2010-03-26,0.000678,0.000871
2010-03-29,0.006797,0.005715
2010-03-30,0.000458,0.001625
2010-03-31,-0.002766,-0.002948
2010-04-01,0.008641,0.006962
2010-04-05,0.009547,0.013143
2010-04-06,0.002121,0.005218
2010-04-07,-0.005367,-0.000949
2010-04-08,0.002831,0.002699
2010-04-09,0.006704,0.005829
2010-04-12,0.001771,0.003871
2010-04-13,0.000740,0.001573
2010-04-14,0.012332,0.014969
2010-04-15,0.000089,0.002767
2010-04-16,-0.016121,-0.010971
2010-04-19,0.002261,-0.002903
2010-04-20,0.009813,0.011967
2010-04-21,-0.000540,0.002920
2010-04-22,0.003577,0.007545
2010-04-23,0.007444,0.010060
2010-04-26,-0.003232,0.002679
2010-04-27,-0.023848,-0.018844
2010-04-28,0.005240,0.001550
2010-04-29,0.013643,0.013172
2010-04-30,-0.016839,-0.015033
2010-05-03,0.012859,0.011350
2010-05-04,-0.025371,-0.023941
2010-05-05,-0.009209,-0.013606
2010-05-06,-0.032542,-0.033677
2010-05-07,-0.015859,-0.016992
2010-05-10,0.044920,0.042802
2010-05-11,-0.000949,0.004205
2010-05-12,0.016269,0.019119
2010-05-13,-0.010837,-0.004853
2010-05-14,-0.019413,-0.018570
2010-05-17,-0.000579,-0.003152
2010-05-18,-0.013644,-0.012878
2010-05-19,-0.007142,-0.013288
2010-05-20,-0.040377,-0.039086
2010-05-21,0.015298,0.011581
2010-05-24,-0.012043,-0.006554
2010-05-25,-0.000159,-0.006471
2010-05-26,-0.002863,0.004589
2010-05-27,0.035093,0.033666
2010-05-28,-0.011760,-0.006628
2010-06-01,-0.018508,-0.020725
2010-06-02,0.026567,0.020302
2010-06-03,0.004783,0.005511
2010-06-04,-0.035862,-0.032259
2010-06-07,-0.014029,-0.018178
2010-06-08,0.009235,-0.001211
2010-06-09,-0.003825,-0.000233
2010-06-10,0.029517,0.024919
2010-06-11,0.006194,0.009434
2010-06-14,0.000013,0.004188
2010-06-15,0.023852,0.019400
2010-06-16,-0.001219,-0.001970
2010-06-17,0.000896,-0.000025
2010-06-18,0.001710,0.002965
2010-06-21,-0.004309,-0.006300
2010-06-22,-0.016156,-0.013866
2010-06-23,-0.002917,-0.001882
2010-06-24,-0.016272,-0.012408
2010-06-25,0.006060,0.010254
2010-06-28,-0.003129,-0.004658
2010-06-29,-0.032886,-0.031189
2010-06-30,-0.008948,-0.005544
2010-07-01,-0.003930,-0.007591
2010-07-02,-0.004749,-0.004375
2010-07-06,0.003316,-0.006417
2010-07-07,0.030890,0.021937
2010-07-08,0.009561,0.010030
2010-07-09,0.008916,0.011699
2010-07-12,-0.001350,-0.005484
2010-07-13,0.017213,0.021559
2010-07-14,-0.000642,-0.001117
2010-07-15,0.000415,-0.003625
2010-07-16,-0.028543,-0.024113
2010-07-19,0.004999,0.003037
2010-07-20,0.012639,0.011592
2010-07-21,-0.012835,-0.009823
2010-07-22,0.023576,0.023307
2010-07-23,0.009631,0.013518
2010-07-26,0.011615,0.013842
2010-07-27,-0.002540,-0.002167
2010-07-28,-0.007459,-0.007823
2010-07-29,-0.002589,0.000452
2010-07-30,0.001513,0.003374
2010-08-02,0.020555,0.013605
2010-08-03,-0.005157,-0.004573
2010-08-04,0.007461,0.007322
2010-08-05,-0.002496,-0.004130
2010-08-06,-0.003549,-0.002666
2010-08-09,0.005856,0.006811
2010-08-10,-0.007992,-0.011581
2010-08-11,-0.029230,-0.028502
2010-08-12,-0.004674,-0.003016
2010-08-13,-0.003874,-0.004213
2010-08-16,0.001455,0.003631
2010-08-17,0.013886,0.012328
2010-08-18,0.002330,0.001916
2010-08-19,-0.016704,-0.016574
2010-08-20,-0.003305,-0.001645
2010-08-23,-0.004861,-0.008722
2010-08-24,-0.014445,-0.011858
2010-08-25,0.004577,0.005699
2010-08-26,-0.006625,-0.004951
2010-08-27,0.018433,0.018579
2010-08-30,-0.014218,-0.013765
2010-08-31,0.000119,0.000366
2010-09-01,0.029106,0.024893
2010-09-02,0.009547,0.008303
2010-09-03,0.012980,0.011739
2010-09-07,-0.011863,-0.012416
2010-09-08,0.006330,0.006089
2010-09-09,0.003763,0.002379
2010-09-10,0.004477,0.004090
2010-09-13,0.012869,0.015657
2010-09-14,-0.000108,-0.000759
2010-09-15,0.002952,0.001408
2010-09-16,-0.000750,-0.002683
2010-09-17,0.001128,0.003161
2010-09-20,0.015179,0.017205
2010-09-21,-0.003097,-0.002993
2010-09-22,-0.005023,-0.005274
2010-09-23,-0.008117,-0.006130
2010-09-24,0.021202,0.020093
2010-09-27,-0.004459,-0.001482
2010-09-28,0.005787,0.007419
2010-09-29,-0.001083,0.002010
2010-09-30,-0.001975,0.001188
2010-10-01,0.004939,0.004493
2010-10-04,-0.008293,-0.009039
2010-10-05,0.020563,0.018553
2010-10-06,-0.000333,-0.000476
2010-10-07,-0.002121,-0.001649
2010-10-08,0.007621,0.009940
2010-10-11,0.000566,0.001864
2010-10-12,0.003647,0.003778
2010-10-13,0.008784,0.011162
2010-10-14,-0.003666,-0.001719
2010-10-15,0.000702,-0.000571
2010-10-18,0.006296,0.005752
2010-10-19,-0.017210,-0.016750
2010-10-20,0.011274,0.010229
2010-10-21,0.000265,-0.003004
2010-10-22,0.002654,0.005054
2010-10-25,0.003724,0.005161
2010-10-26,-0.000427,0.000521
2010-10-27,-0.003317,-0.004152
2010-10-28,0.001141,-0.000819
2010-10-29,0.001662,0.003562
2010-11-01,0.000145,-0.003470
2010-11-02,0.009053,0.011679
2010-11-03,0.003439,0.002310
2010-11-04,0.019913,0.017271
2010-11-05,0.004019,0.004520
2010-11-08,-0.000910,0.002139
2010-11-09,-0.008463,-0.009238
2010-11-10,0.005389,0.005936
2010-11-11,-0.003605,-0.004355
2010-11-12,-0.013391,-0.012542
2010-11-15,-0.001330,-0.001282
2010-11-16,-0.016850,-0.016690
2010-11-17,0.001622,0.002874
2010-11-18,0.015558,0.012536
2010-11-19,0.003742,0.003857
2010-11-22,-0.000273,0.001012
2010-11-23,-0.014121,-0.010233
2010-11-24,0.015679,0.014284
2010-11-26,-0.006877,-0.002551
2010-11-29,-0.000917,-0.000616
2010-11-30,-0.005788,-0.005337
2010-12-01,0.020817,0.013248
2010-12-02,0.012228,0.008930
2010-12-03,0.003962,0.005112
2010-12-06,0.000025,0.002998
2010-12-07,0.000191,0.000222
2010-12-08,0.001544,-0.000997
2010-12-09,0.003574,0.003485
2010-12-10,0.006422,0.006810
2010-12-13,0.000182,-0.001497
2010-12-14,0.000271,-0.001438
2010-12-15,-0.005256,-0.004135
2010-12-16,0.005846,0.007872
2010-12-17,0.001571,0.003659
2010-12-20,0.001818,0.000713
2010-12-21,0.007205,0.008646
2010-12-22,0.003135,0.003308
2010-12-23,-0.001198,0.000450
2010-12-27,0.000668,0.003488
2010-12-28,0.000786,-0.000240
2010-12-29,0.002732,0.004122
2010-12-30,-0.000803,0.001311
2010-12-31,-0.000232,0.000868
2011-01-03,0.011212,0.012533
2011-01-04,-0.003895,-0.006753
2011-01-05,0.005382,0.007944
2011-01-06,-0.002515,-0.001211
2011-01-07,-0.001949,-0.002848
2011-01-10,-0.000709,0.002287
2011-01-11,0.005048,0.005963
2011-01-12,0.009014,0.008259
2011-01-13,-0.001889,-0.000500
2011-01-14,0.006630,0.004736
2011-01-18,0.002176,0.002518
2011-01-19,-0.012250,-0.016081
2011-01-20,-0.003837,-0.007600
2011-01-21,0.001261,-0.000136
2011-01-24,0.006289,0.006046
2011-01-25,-0.000428,-0.001076
2011-01-26,0.007332,0.011707
2011-01-27,0.002133,0.001653
2011-01-28,-0.017202,-0.017784
2011-01-31,0.007617,0.005212
2011-02-01,0.017025,0.014753
2011-02-02,-0.002229,-0.000556
2011-02-03,0.002924,0.001939
2011-02-04,0.002176,0.001326
2011-02-07,0.006123,0.006745
2011-02-08,0.004549,0.003895
2011-02-09,-0.003443,-0.003610
2011-02-10,0.001336,0.000472
2011-02-11,0.006111,0.006629
2011-02-14,0.003401,0.003197
2011-02-15,-0.003182,-0.003015
2011-02-16,0.007533,0.006352
2011-02-17,0.003947,0.005617
2011-02-18,0.001222,0.001088
2011-02-22,-0.021060,-0.020645
2011-02-23,-0.006562,-0.008481
2011-02-24,-0.000133,0.002655
2011-02-25,0.012937,0.015057
2011-02-28,0.005329,0.002853
2011-03-01,-0.014899,-0.011157
2011-03-02,0.002852,0.002967
2011-03-03,0.016096,0.013356
2011-03-04,-0.005901,-0.003337
2011-03-07,-0.009407,-0.009718
2011-03-08,0.008080,0.008947
2011-03-09,-0.002434,-0.003092
2011-03-10,-0.019788,-0.019528
2011-03-11,0.006951,0.002937
2011-03-14,-0.005489,-0.006664
2011-03-15,-0.011151,-0.010769
2011-03-16,-0.016642,-0.010119
2011-03-17,0.012213,0.007240
2011-03-18,0.004860,0.008049
2011-03-21,0.016440,0.015753
2011-03-22,-0.003234,-0.001224
2011-03-23,0.002876,0.002902
2011-03-24,0.008544,0.005814
2011-03-25,0.003113,0.003927
2011-03-28,-0.003335,-0.001773
2011-03-29,0.007160,0.005552
2011-03-30,0.008218,0.007886
2011-03-31,-0.000593,0.002407
2011-04-01,0.005433,0.003529
2011-04-04,0.001160,0.000958
2011-04-05,0.001326,0.001920
2011-04-06,0.001737,0.002638
2011-04-07,-0.002252,-0.002513
2011-04-08,-0.003389,-0.004745
2011-04-11,-0.004734,-0.006491
2011-04-12,-0.009253,-0.010338
2011-04-13,0.001298,0.001645
2011-04-14,0.000539,0.002637
2011-04-15,0.003973,0.004948
2011-04-18,-0.011622,-0.011485
2011-04-19,0.005708,0.003512
2011-04-20,0.014273,0.012661
2011-04-21,0.005889,0.004946
2011-04-25,-0.001856,-0.000562
2011-04-26,0.008145,0.005423
2011-04-27,0.006150,0.005247
2011-04-28,0.002931,0.001926
2011-04-29,0.003119,0.003668
2011-05-02,-0.003556,-0.006003
2011-05-03,-0.006647,-0.009097
2011-05-04,-0.007976,-0.008801
2011-05-05,-0.009455,-0.006183
2011-05-06,0.004607,0.004575
2011-05-09,0.006152,0.006964
2011-05-10,0.008462,0.009877
2011-05-11,-0.012229,-0.011619
2011-05-12,0.004040,0.004319
2011-05-13,-0.008906,-0.009009
2011-05-16,-0.006959,-0.010372
2011-05-17,-0.000647,-0.004038
2011-05-18,0.010749,0.010977
2011-05-19,0.002334,0.000843
2011-05-20,-0.006774,-0.004414
2011-05-23,-0.013016,-0.013172
2011-05-24,-0.000403,-0.001002
2011-05-25,0.005078,0.005819
2011-05-26,0.005337,0.007791
2011-05-27,0.005110,0.006103
2011-05-31,0.010293,0.009375
2011-06-01,-0.023082,-0.019626
2011-06-02,-0.000631,-0.000076
2011-06-03,-0.009298,-0.009502
2011-06-06,-0.012456,-0.013344
2011-06-07,0.000287,0.001428
2011-06-08,-0.005975,-0.010672
2011-06-09,0.007456,0.005505
2011-06-10,-0.014079,-0.011776
2011-06-13,-0.000908,-0.005617
2011-06-14,0.013866,0.014384
2011-06-15,-0.017302,-0.014059
2011-06-16,-0.000117,-0.000800
2011-06-17,0.002157,0.001297
2011-06-20,0.005343,0.002474
2011-06-21,0.015899,0.016179
2011-06-22,-0.005482,-0.003055
2011-06-23,-0.002590,-0.000871
2011-06-24,-0.010575,-0.002417
2011-06-27,0.008070,0.005460
2011-06-28,0.013694,0.010609
2011-06-29,0.008738,0.004950
2011-06-30,0.009702,0.008397
2011-07-01,0.013475,0.010064
2011-07-05,-0.000024,0.000809
2011-07-06,0.001143,0.002874
2011-07-07,0.010635,0.011712
2011-07-08,-0.006343,-0.004797
2011-07-11,-0.019356,-0.016317
2011-07-12,-0.003812,-0.002238
2011-07-13,0.005006,0.007494
2011-07-14,-0.008051,-0.009534
2011-07-15,0.006170,0.004226
2011-07-18,-0.009490,-0.011054
2011-07-19,0.016167,0.013523
2011-07-20,0.000059,0.000967
2011-07-21,0.012262,0.008889
2011-07-22,0.001437,0.001586
2011-07-25,-0.006279,-0.007887
2011-07-26,-0.004540,-0.004068
2011-07-27,-0.021650,-0.021094
2011-07-28,-0.002935,-0.001403
2011-07-29,-0.005607,-0.003052
2011-08-01,-0.003619,-0.000879
2011-08-02,-0.025672,-0.021078
2011-08-03,0.004954,0.002260
2011-08-04,-0.050378,-0.047411
2011-08-05,-0.004794,-0.012547
2011-08-08,-0.068712,-0.072385
2011-08-09,0.051244,0.047193
2011-08-10,-0.038591,-0.029835
2011-08-11,0.045274,0.037437
2011-08-12,0.004753,0.004185
2011-08-15,0.022835,0.023020
2011-08-16,-0.010898,-0.012918
2011-08-17,0.000841,0.000678
2011-08-18,-0.045340,-0.041324
2011-08-19,-0.015359,-0.012201
2011-08-22,0.000040,-0.002608
2011-08-23,0.033764,0.029031
2011-08-24,0.011574,0.008018
2011-08-25,-0.015902,-0.015381
2011-08-26,0.016430,0.015544
2011-08-29,0.029636,0.031522
2011-08-30,0.003763,0.004724
2011-08-31,0.005093,0.003022
2011-09-01,-0.012131,-0.013773
2011-09-02,-0.024645,-0.022464
2011-09-06,-0.008152,-0.008986
2011-09-07,0.029164,0.027153
2011-09-08,-0.010889,-0.012275
2011-09-09,-0.026597,-0.021056
2011-09-12,0.004134,-0.000416
2011-09-13,0.010803,0.011949
2011-09-14,0.012798,0.011742
2011-09-15,0.015480,0.008819
2011-09-16,0.003557,0.001512
2011-09-19,-0.010951,-0.014296
2011-09-20,-0.004116,-0.009079
2011-09-21,-0.029444,-0.024666
2011-09-22,-0.034428,-0.032856
2011-09-23,0.005755,0.007256
2011-09-26,0.021597,0.009890
2011-09-27,0.012849,0.015760
2011-09-28,-0.023703,-0.025352
2011-09-29,0.008235,0.006640
2011-09-30,-0.024641,-0.018836
2011-10-03,-0.031922,-0.041273
2011-10-04,0.023667,0.027309
2011-10-05,0.019662,0.017119
2011-10-06,0.020566,0.020344
2011-10-07,-0.010947,-0.013551
2011-10-10,0.034277,0.029485
2011-10-11,0.001058,0.005101
2011-10-12,0.011820,0.015322
2011-10-13,-0.002954,-0.000734
2011-10-14,0.017735,0.014655
2011-10-17,-0.020861,-0.020291
2011-10-18,0.020792,0.018461
2011-10-19,-0.014171,-0.012744
2011-10-20,0.003898,0.000394
2011-10-21,0.019264,0.016331
2011-10-24,0.016798,0.021869
2011-10-25,-0.019838,-0.017915
2011-10-26,0.011520,0.013134
2011-10-27,0.036253,0.036277
2011-10-28,0.000259,0.000381
2011-10-31,-0.024655,-0.019053
2011-11-01,-0.028627,-0.025533
2011-11-02,0.017082,0.017888
2011-11-03,0.019202,0.015892
2011-11-04,-0.005570,-0.004275
2011-11-07,0.004900,0.000138
2011-11-08,0.011216,0.010416
2011-11-09,-0.037861,-0.033587
2011-11-10,0.007432,0.004584
2011-11-11,0.019762,0.016413
2011-11-14,-0.009371,-0.011208
2011-11-15,0.004531,0.005085
2011-11-16,-0.015099,-0.010399
2011-11-17,-0.017213,-0.013523
2011-11-18,-0.000287,0.000960
2011-11-21,-0.018665,-0.019135
2011-11-22,-0.003943,-0.004842
2011-11-23,-0.023246,-0.022580
2011-11-25,-0.003625,-0.004910
2011-11-28,0.030531,0.027928
2011-11-29,0.002261,-0.002146
2011-11-30,0.043900,0.038155
2011-12-01,-0.002276,-0.003635
2011-12-02,0.000109,0.004885
2011-12-05,0.010297,0.009664
2011-12-06,0.000382,-0.000491
2011-12-07,0.001915,0.000724
2011-12-08,-0.022874,-0.022706
2011-12-09,0.017744,0.018907
2011-12-12,-0.015558,-0.013563
2011-12-13,-0.011256,-0.012526
2011-12-14,-0.012735,-0.009141
2011-12-15,0.003744,0.002503
2011-12-16,0.004972,0.003603
2011-12-19,-0.012675,-0.014677
2011-12-20,0.030035,0.026932
2011-12-21,0.002025,0.001410
2011-12-22,0.008913,0.008202
2011-12-23,0.007865,0.004194
2011-12-27,0.000015,-0.000984
2011-12-28,-0.013647,-0.013493
2011-12-29,0.010781,0.008718
2011-12-30,-0.002577,0.002144
2012-01-03,0.016171,0.017012
2012-01-04,-0.000454,-0.001380
2012-01-05,0.002932,0.004055
2012-01-06,-0.002902,-0.000598
2012-01-09,0.002816,0.004418
2012-01-10,0.010417,0.011110
2012-01-11,0.000946,0.004571
2012-01-12,0.003058,0.005077
2012-01-13,-0.005319,-0.005005
2012-01-17,0.003902,0.003767
2012-01-18,0.012304,0.013701
2012-01-19,0.005595,0.005448
2012-01-20,0.000882,0.003698
2012-01-23,0.001609,0.001857
2012-01-24,-0.000800,0.003348
2012-01-25,0.009947,0.009547
2012-01-26,-0.004903,-0.001075
2012-01-27,0.000702,0.006150
2012-01-30,-0.003738,-0.004826
2012-01-31,-0.000083,0.001781
2012-02-01,0.011210,0.013730
2012-02-02,0.001833,0.004402
2012-02-03,0.014682,0.014936
2012-02-06,-0.000988,-0.000431
2012-02-07,0.001394,0.001486
2012-02-08,0.002186,0.003480
2012-02-09,0.001001,0.000374
2012-02-10,-0.008389,-0.009773
2012-02-13,0.007442,0.009485
2012-02-14,-0.001553,-0.004058
2012-02-15,-0.004222,-0.003162
2012-02-16,0.012475,0.011497
2012-02-17,0.001385,0.002727
2012-02-21,0.000156,-0.002241
2012-02-22,-0.003129,-0.004190
2012-02-23,0.005702,0.008054
2012-02-24,0.001498,0.000411
2012-02-27,0.000806,-0.000761
2012-02-28,0.002909,0.000562
2012-02-29,-0.005684,-0.009158
2012-03-01,0.006807,0.004670
2012-03-02,-0.004921,-0.008031
2012-03-05,-0.004560,-0.003539
2012-03-06,-0.017384,-0.017306
2012-03-07,0.007946,0.009483
2012-03-08,0.010866,0.010692
2012-03-09,0.004501,0.007768
2012-03-12,-0.001366,-0.001611
2012-03-13,0.017621,0.014480
2012-03-14,-0.003912,-0.006757
2012-03-15,0.006515,0.004869
2012-03-16,0.001328,0.001369
2012-03-19,0.004003,0.004746
2012-03-20,-0.004507,-0.005338
2012-03-21,-0.001114,0.001131
2012-03-22,-0.008117,-0.008249
2012-03-23,0.004484,0.007160
2012-03-26,0.013964,0.011392
2012-03-27,-0.003663,-0.002838
2012-03-28,-0.005519,-0.005407
2012-03-29,-0.001899,-0.001648
2012-03-30,0.003355,0.002024
2012-04-02,0.008049,0.007351
2012-04-03,-0.004445,-0.006565
2012-04-04,-0.011819,-0.011965
2012-04-05,-0.000801,-0.000687
2012-04-09,-0.011379,-0.011932
2012-04-10,-0.018023,-0.016253
2012-04-11,0.008519,0.011544
2012-04-12,0.015087,0.013034
2012-04-13,-0.012396,-0.010668
2012-04-16,-0.000582,-0.000035
2012-04-17,0.014951,0.010763
2012-04-18,-0.004040,-0.006151
2012-04-19,-0.004662,-0.002353
2012-04-20,0.001632,0.003792
2012-04-23,-0.009542,-0.009771
2012-04-24,0.003247,0.005771
2012-04-25,0.013825,0.010281
2012-04-26,0.006830,0.005776
2012-04-27,0.003897,0.005274
2012-04-30,-0.004314,-0.004072
2012-05-01,0.004876,0.001691
2012-05-02,-0.002050,-0.000501
2012-05-03,-0.009948,-0.010855
2012-05-04,-0.015675,-0.012679
2012-05-07,0.000555,0.001085
2012-05-08,-0.005355,-0.004430
2012-05-09,-0.006018,-0.004077
2012-05-10,0.002858,0.002588
2012-05-11,-0.002767,-0.003641
2012-05-14,-0.012174,-0.012421
2012-05-15,-0.006030,-0.006528
2012-05-16,-0.004928,-0.007807
2012-05-17,-0.015851,-0.015911
2012-05-18,-0.008146,-0.009673
2012-05-21,0.017760,0.016319
2012-05-22,-0.000478,-0.004009
2012-05-23,0.002815,0.002394
2012-05-24,0.000983,0.001696
2012-05-25,-0.001541,0.001210
2012-05-29,0.011225,0.009963
2012-05-30,-0.015504,-0.014321
2012-05-31,-0.001977,-0.000487
2012-06-01,-0.024513,-0.020451
2012-06-04,-0.001015,-0.002267
2012-06-05,0.007864,0.008065
2012-06-06,0.022700,0.019661
2012-06-07,-0.001369,-0.002025
2012-06-08,0.007115,0.005409
2012-06-11,-0.013967,-0.013468
2012-06-12,0.011646,0.008888
2012-06-13,-0.006954,-0.007142
2012-06-14,0.009500,0.007904
2012-06-15,0.010111,0.008727
2012-06-18,0.002190,0.001768
2012-06-19,0.011640,0.012890
2012-06-20,-0.001471,-0.000497
2012-06-21,-0.023472,-0.018456
2012-06-22,0.007254,0.007577
2012-06-25,-0.015450,-0.011917
2012-06-26,0.004870,0.002919
2012-06-27,0.009036,0.009622
2012-06-28,-0.002109,-0.002531
2012-06-29,0.025635,0.023311
2012-07-02,0.003868,0.006684
2012-07-03,0.008966,0.010767
2012-07-05,-0.004144,-0.000733
2012-07-06,-0.009964,-0.007701
2012-07-09,-0.002202,-0.002344
2012-07-10,-0.008814,-0.008240
2012-07-11,-0.000290,-0.000282
2012-07-12,-0.004878,-0.004134
2012-07-13,0.015261,0.010665
2012-07-16,-0.002480,-0.003494
2012-07-17,0.006707,0.002457
2012-07-18,0.006261,0.003871
2012-07-19,0.002839,0.000016
2012-07-20,-0.009917,-0.008733
2012-07-23,-0.010165,-0.012004
2012-07-24,-0.009426,-0.009270
2012-07-25,0.000714,0.002465
2012-07-26,0.015513,0.008642
2012-07-27,0.018950,0.016470
2012-07-30,-0.000763,-0.002846
2012-07-31,-0.004994,-0.003201
2012-08-01,-0.004475,-0.009081
2012-08-02,-0.007294,-0.005662
2012-08-03,0.019230,0.017764
2012-08-06,0.003534,0.006633
2012-08-07,0.006358,0.006234
2012-08-08,0.000179,-0.000985
2012-08-09,0.001648,0.003390
2012-08-10,0.001869,-0.000714
2012-08-13,-0.001884,-0.002122
2012-08-14,-0.000019,-0.002248
2012-08-15,0.002741,0.004557
2012-08-16,0.007905,0.008086
2012-08-17,0.002655,0.004758
2012-08-20,-0.000607,-0.001571
2012-08-21,-0.002329,-0.000635
2012-08-22,-0.000102,-0.001769
2012-08-23,-0.007320,-0.004534
2012-08-24,0.005494,0.003249
2012-08-27,-0.000560,-0.000562
2012-08-28,0.000261,0.002383
2012-08-29,0.000994,0.001836
2012-08-30,-0.007798,-0.007581
2012-08-31,0.005891,0.005303
2012-09-04,0.000688,0.003257
2012-09-05,-0.000598,-0.000701
2012-09-06,0.019461,0.013690
2012-09-07,0.005649,0.006500
2012-09-10,-0.005683,-0.001847
2012-09-11,0.003437,0.004919
2012-09-12,0.002652,0.003966
2012-09-13,0.015280,0.011218
2012-09-14,0.006142,0.008189
2012-09-17,-0.004543,-0.004125
2012-09-18,-0.001776,-0.000302
2012-09-19,0.001305,0.001816
2012-09-20,-0.001942,-0.003646
2012-09-21,0.000444,0.004981
2012-09-24,-0.003088,-0.003206
2012-09-25,-0.010814,-0.009620
2012-09-26,-0.005527,-0.004866
2012-09-27,0.010046,0.009006
2012-09-28,-0.004491,-0.003450
2012-10-01,0.002807,0.002686
2012-10-02,0.001181,0.000358
2012-10-03,0.002508,-0.000075
2012-10-04,0.007674,0.006553
2012-10-05,-0.000150,-0.000816
2012-10-08,-0.003568,-0.003513
2012-10-09,-0.009763,-0.009092
2012-10-10,-0.005554,-0.004100
2012-10-11,0.001750,0.004541
2012-10-12,-0.003502,-0.004211
2012-10-15,0.007240,0.004203
2012-10-16,0.009941,0.007051
2012-10-17,0.005086,0.005617
2012-10-18,-0.002676,-0.003857
2012-10-19,-0.015612,-0.013002
2012-10-22,0.000193,-0.000217
2012-10-23,-0.012926,-0.006968
2012-10-24,-0.002612,-0.001404
2012-10-25,0.003301,0.002153
2012-10-26,-0.001382,-0.001835
2012-10-31,0.002480,0.003479
2012-11-01,0.011214,0.009688
2012-11-02,-0.009745,-0.008756
2012-11-05,0.002234,0.003177
2012-11-06,0.007865,0.006034
2012-11-07,-0.021060,-0.017904
2012-11-08,-0.011580,-0.009589
2012-11-09,0.000949,-0.000526
2012-11-12,-0.000216,-0.001908
2012-11-13,-0.004153,-0.005841
2012-11-14,-0.014701,-0.015597
2012-11-15,-0.002925,-0.006183
2012-11-16,0.006186,0.005711
2012-11-19,0.019178,0.016544
2012-11-20,0.000983,0.000886
2012-11-21,0.003130,0.004899
2012-11-23,0.012722,0.010102
2012-11-26,-0.001641,0.001177
2012-11-27,-0.004418,-0.000884
2012-11-28,0.007475,0.005110
2012-11-29,0.005422,0.008573
2012-11-30,0.000274,0.000934
2012-12-03,-0.004214,-0.002069
2012-12-04,-0.001277,-0.001109
2012-12-05,0.001758,-0.000019
2012-12-06,0.002844,0.000757
2012-12-07,0.002524,0.001168
2012-12-10,0.001534,0.002706
2012-12-11,0.006153,0.007321
2012-12-12,0.000255,-0.000299
2012-12-13,-0.005872,-0.004080
2012-12-14,-0.003089,0.000863
2012-12-17,0.010179,0.006517
2012-12-18,0.011120,0.009526
2012-12-19,-0.004643,0.000914
2012-12-20,0.004892,0.004202
2012-12-21,-0.008487,-0.005630
2012-12-24,-0.002207,-0.002533
2012-12-26,-0.004962,-0.003251
2012-12-27,-0.000685,-0.001767
2012-12-28,-0.009273,-0.004132
2012-12-31,0.016424,0.014969
2013-01-02,0.024996,0.024129
2013-01-03,-0.001911,0.000471
2013-01-04,0.005653,0.007408
2013-01-07,-0.002555,-0.000448
2013-01-08,-0.002208,-0.000524
2013-01-09,0.003403,0.005273
2013-01-10,0.006790,0.003862
2013-01-11,0.000244,0.000797
2013-01-14,-0.000350,0.000450
2013-01-15,0.001960,0.001921
2013-01-16,-0.000738,-0.001481
2013-01-17,0.005930,0.006769
2013-01-18,0.002942,0.002363
2013-01-22,0.005180,0.006150
2013-01-23,0.000286,-0.000764
2013-01-24,0.000638,0.001533
2013-01-25,0.005250,0.002828
2013-01-28,-0.001315,0.000423
2013-01-29,0.003632,0.002765
2013-01-30,-0.003846,-0.004865
2013-01-31,-0.000820,0.002893
2013-02-01,0.009291,0.008245
2013-02-04,-0.011035,-0.009364
2013-02-05,0.009248,0.007102
2013-02-06,0.001293,0.002338
2013-02-07,-0.002118,-0.002393
2013-02-08,0.005390,0.003945
2013-02-11,-0.001003,-0.000183
2013-02-12,0.002191,0.003532
2013-02-13,0.001389,0.001443
2013-02-14,0.000865,0.001613
2013-02-15,-0.002010,-0.001715
2013-02-19,0.006956,0.006199
2013-02-20,-0.013325,-0.013073
2013-02-21,-0.007067,-0.007335
2013-02-22,0.008665,0.007518
2013-02-25,-0.017160,-0.014094
2013-02-26,0.005656,0.003625
2013-02-27,0.012275,0.007460
2013-02-28,-0.000630,-0.000090
2013-03-01,0.001752,0.001691
2013-03-04,0.003648,0.001139
2013-03-05,0.009190,0.007270
2013-03-06,0.001656,0.002950
2013-03-07,0.002328,0.004182
2013-03-08,0.004895,0.006155
2013-03-11,0.002695,0.002128
2013-03-12,-0.001929,-0.001493
2013-03-13,0.000805,0.000158
2013-03-14,0.005963,0.004858
2013-03-15,-0.001517,-0.001282
2013-03-18,-0.005326,-0.002690
2013-03-19,-0.002923,-0.003544
2013-03-20,0.007248,0.006508
2013-03-21,-0.007562,-0.004430
2013-03-22,0.005842,0.003328
2013-03-25,-0.003071,-0.001587
2013-03-26,0.007299,0.003350
2013-03-27,-0.000118,0.000679
2013-03-28,0.004054,0.002923
2013-04-01,-0.005392,-0.007797
2013-04-02,0.002710,-0.002178
2013-04-03,-0.011859,-0.011644
2013-04-04,0.003826,0.003704
2013-04-05,-0.003519,-0.001037
2013-04-08,0.006639,0.004411
2013-04-09,0.003703,0.002604
2013-04-10,0.011618,0.011377
2013-04-11,0.003194,0.001170
2013-04-12,-0.003780,-0.003929
2013-04-15,-0.025595,-0.027340
2013-04-16,0.014655,0.011702
2013-04-17,-0.014689,-0.013782
2013-04-18,-0.005690,-0.002351
2013-04-19,0.009359,0.008028
2013-04-22,0.004277,0.003041
2013-04-23,0.010143,0.010404
2013-04-24,0.002179,0.004624
2013-04-25,0.004946,0.006175
2013-04-26,-0.002476,-0.002953
2013-04-29,0.007371,0.006471
2013-04-30,0.004139,0.003917
2013-05-01,-0.010607,-0.013124
2013-05-02,0.009484,0.009199
2013-05-03,0.010398,0.010755
2013-05-06,0.002566,0.003997
2013-05-07,0.005135,0.004118
2013-05-08,0.005022,0.004602
2013-05-09,-0.003689,-0.002673
2013-05-10,0.004676,0.005393
2013-05-13,-0.000627,-0.000792
2013-05-14,0.009349,0.006823
2013-05-15,0.003945,0.001770
2013-05-16,-0.004594,-0.002447
2013-05-17,0.009395,0.006531
2013-05-20,0.000649,0.004955
2013-05-21,0.001600,0.001466
2013-05-22,-0.009642,-0.010059
2013-05-23,-0.002446,-0.000151
2013-05-24,-0.001030,-0.000350
2013-05-28,0.006307,0.006506
2013-05-29,-0.006970,-0.006971
2013-05-30,0.004204,0.005389
2013-05-31,-0.013568,-0.009492
2013-06-03,0.004640,0.002565
2013-06-04,-0.005563,-0.004488
2013-06-05,-0.013397,-0.010458
2013-06-06,0.008981,0.007730
2013-06-07,0.011386,0.005330
2013-06-10,0.000184,0.002916
2013-06-11,-0.010890,-0.009470
2013-06-12,-0.008137,-0.006721
2013-06-13,0.015060,0.011588
2013-06-14,-0.005379,-0.004604
2013-06-17,0.007193,0.005131
2013-06-18,0.007358,0.006078
2013-06-19,-0.013406,-0.009639
2013-06-20,-0.025751,-0.023687
2013-06-21,0.001443,0.002747
2013-06-24,-0.012352,-0.014795
2013-06-25,0.010324,0.009985
2013-06-26,0.008926,0.005207
2013-06-27,0.008125,0.011708
2013-06-28,-0.002809,0.001627
2013-07-01,0.006716,0.009141
2013-07-02,-0.001412,-0.002919
2013-07-03,0.000408,-0.000100
2013-07-05,0.009033,0.005947
2013-07-08,0.005168,0.003698
2013-07-09,0.007724,0.005760
2013-07-10,0.000629,0.002770
2013-07-11,0.014617,0.012997
2013-07-12,0.002470,0.001028
2013-07-15,0.002326,0.005546
2013-07-16,-0.003791,-0.001546
2013-07-17,0.003003,0.003696
2013-07-18,0.005469,0.004970
2013-07-19,0.001494,0.000552
2013-07-22,0.002802,0.004195
2013-07-23,-0.001167,0.002073
2013-07-24,-0.004921,-0.005985
2013-07-25,0.003967,0.005521
2013-07-26,0.000137,-0.001511
2013-07-29,-0.003759,-0.003816
2013-07-30,0.000403,0.000284
2013-07-31,0.000199,0.001750
2013-08-01,0.012261,0.009356
2013-08-02,0.001331,0.000912
2013-08-05,-0.000734,0.001899
2013-08-06,-0.006571,-0.006180
2013-08-07,-0.004516,-0.005628
2013-08-08,0.005441,0.005406
2013-08-09,-0.001916,-0.000247
2013-08-12,-0.000143,0.002700
2013-08-13,0.001516,-0.000915
2013-08-14,-0.004099,-0.001067
2013-08-15,-0.012968,-0.011149
2013-08-16,-0.002938,-0.002099
2013-08-19,-0.007099,-0.008153
2013-08-20,0.005669,0.008067
2013-08-21,-0.006167,-0.005252
2013-08-22,0.009128,0.010541
2013-08-23,0.004367,0.003842
2013-08-26,-0.002845,-0.000002
2013-08-27,-0.016307,-0.016842
2013-08-28,0.002623,0.002138
2013-08-29,0.003198,0.005360
2013-08-30,-0.004832,-0.007727
2013-09-03,0.004517,0.004639
2013-09-04,0.007599,0.007115
2013-09-05,0.001828,0.003010
2013-09-06,0.001057,0.002761
2013-09-09,0.010849,0.011386
2013-09-10,0.007216,0.005425
2013-09-11,0.002744,0.001120
2013-09-12,-0.004003,-0.004229
2013-09-13,0.002645,0.003440
2013-09-16,0.005156,0.003321
2013-09-17,0.004981,0.005434
2013-09-18,0.012556,0.011768
2013-09-19,-0.001145,-0.000431
2013-09-20,-0.007311,-0.004424
2013-09-23,-0.004154,-0.001939
2013-09-24,-0.001217,0.002218
2013-09-25,-0.001662,0.000585
2013-09-26,0.003963,0.003876
2013-09-27,-0.003599,-0.002149
2013-09-30,-0.004862,-0.002007
2013-10-01,0.008707,0.008695
2013-10-02,-0.000674,-0.000280
2013-10-03,-0.008609,-0.006092
2013-10-04,0.006741,0.005498
2013-10-07,-0.008482,-0.005823
2013-10-08,-0.013084,-0.012620
2013-10-09,-0.000451,-0.001969
2013-10-10,0.020996,0.017009
2013-10-11,0.006894,0.007900
2013-10-14,0.004080,0.003569
2013-10-15,-0.006865,-0.004937
2013-10-16,0.012758,0.009057
2013-10-17,0.007750,0.009615
2013-10-18,0.006939,0.006116
2013-10-21,0.000141,0.000383
2013-10-22,0.005534,0.004015
2013-10-23,-0.005308,-0.004769
2013-10-24,0.004055,0.004170
2013-10-25,0.003147,-0.000001
2013-10-28,0.000342,-0.001661
2013-10-29,0.004437,0.003409
2013-10-30,-0.005665,-0.007185
2013-10-31,-0.003506,-0.004199
2013-11-01,0.001408,-0.002231
2013-11-04,0.004324,0.007257
2013-11-05,-0.003013,-0.001942
2013-11-06,0.003040,-0.000848
2013-11-07,-0.013878,-0.013029
2013-11-08,0.012349,0.009308
2013-11-11,0.001003,0.002545
2013-11-12,-0.002249,-0.002888
2013-11-13,0.008519,0.006926
2013-11-14,0.004571,0.002579
2013-11-15,0.004409,0.005526
2013-11-18,-0.004646,-0.004134
2013-11-19,-0.003367,-0.004351
2013-11-20,-0.003294,-0.003096
2013-11-21,0.008658,0.009070
2013-11-22,0.004566,0.003700
2013-11-25,-0.001436,-0.000255
2013-11-26,0.001078,0.004053
2013-11-27,0.002738,0.005455
2013-11-29,0.000159,0.003875
2013-12-02,-0.003638,-0.007152
2013-12-03,-0.003715,-0.003833
2013-12-04,-0.000941,-0.000588
2013-12-05,-0.003514,-0.001612
2013-12-06,0.009683,0.006687
2013-12-09,0.001868,-0.000607
2013-12-10,-0.002813,-0.002139
2013-12-11,-0.012070,-0.011256
2013-12-12,-0.002543,-0.000698
2013-12-13,0.001277,0.003054
2013-12-16,0.006445,0.006875
2013-12-17,-0.002344,-0.000097
2013-12-18,0.014462,0.008528
2013-12-19,-0.001026,-0.001754
2013-12-20,0.006904,0.010080
2013-12-23,0.006229,0.008646
2013-12-24,0.003476,0.004324
2013-12-26,0.003993,0.002325
2013-12-27,-0.000061,0.001436
2013-12-30,0.000277,0.000551
2013-12-31,0.004255,0.003915
2014-01-02,-0.008757,-0.004051
2014-01-03,0.000491,0.004096
2014-01-06,-0.003340,-0.001676
2014-01-07,0.006090,0.006892
2014-01-08,0.000155,0.000835
2014-01-09,0.000090,0.000232
2014-01-10,0.003567,0.005960
2014-01-13,-0.011641,-0.007697
2014-01-14,0.010257,0.009522
2014-01-15,0.005066,0.005820
2014-01-16,-0.000279,0.002016
2014-01-17,-0.003454,-0.000673
2014-01-21,0.003351,0.005318
2014-01-22,0.001484,0.003711
2014-01-23,-0.008159,-0.006438
2014-01-24,-0.021135,-0.019296
2014-01-27,-0.006632,-0.010387
2014-01-28,0.007293,0.008305
2014-01-29,-0.009930,-0.007727
2014-01-30,0.011487,0.009324
2014-01-31,-0.005796,-0.005268
2014-02-03,-0.023197,-0.021283
2014-02-04,0.007612,0.005913
2014-02-05,-0.001952,-0.004986
2014-02-06,0.011924,0.008515
2014-02-07,0.012595,0.010024
2014-02-10,0.001576,0.003988
2014-02-11,0.010599,0.008681
2014-02-12,0.001149,0.001603
2014-02-13,0.006957,0.008401
2014-02-14,0.004104,0.003217
2014-02-18,0.003182,0.006940
2014-02-19,-0.006797,-0.006556
2014-02-20,0.006440,0.007149
2014-02-21,-0.000817,0.001533
2014-02-24,0.006174,0.005684
2014-02-25,-0.001268,-0.001884
2014-02-26,0.001034,0.002945
2014-02-27,0.004900,0.006057
2014-02-28,0.001673,-0.000735
2014-03-03,-0.006637,-0.003855
2014-03-04,0.015433,0.016489
2014-03-05,0.000357,0.002150
2014-03-06,0.001723,0.002474
2014-03-07,-0.000796,-0.001643
2014-03-10,-0.001258,-0.001022
2014-03-11,-0.005526,-0.007303
2014-03-12,0.001300,0.001470
2014-03-13,-0.011137,-0.008840
2014-03-14,-0.001383,0.001197
2014-03-17,0.008275,0.005371
2014-03-18,0.007665,0.008709
2014-03-19,-0.006779,-0.005280
2014-03-20,0.004709,0.001142
2014-03-21,-0.002864,-0.000898
2014-03-24,-0.006075,-0.008920
2014-03-25,0.003439,0.001238
2014-03-26,-0.008153,-0.011849
2014-03-27,-0.001045,-0.001497
2014-03-28,0.004470,0.002659
2014-03-31,0.009182,0.010512
2014-04-01,0.008258,0.008989
2014-04-02,0.002821,0.003632
2014-04-03,-0.003118,-0.006998
2014-04-04,-0.012591,-0.012466
2014-04-07,-0.011655,-0.011536
2014-04-08,0.005386,0.006044
2014-04-09,0.011291,0.010445
2014-04-10,-0.020774,-0.017922
2014-04-11,-0.009794,-0.009547
2014-04-14,0.006520,0.000249
2014-04-15,0.005170,-0.001758
2014-04-16,0.010627,0.009288
2014-04-17,0.002272,0.004201
2014-04-21,0.003484,0.004051
2014-04-22,0.005567,0.008348
2014-04-23,-0.002758,-0.003873
2014-04-24,0.000719,-0.001431
2014-04-25,-0.009470,-0.012122
2014-04-28,0.001060,-0.004227
2014-04-29,0.005627,0.002765
2014-04-30,0.003405,0.002607
2014-05-01,0.000772,0.000715
2014-05-02,-0.000260,0.000884
2014-05-05,0.001302,-0.000247
2014-05-06,-0.008724,-0.009108
2014-05-07,0.004403,-0.002716
2014-05-08,-0.002682,-0.007151
2014-05-09,0.001571,0.003307
2014-05-12,0.011167,0.014883
2014-05-13,-0.000666,-0.003102
2014-05-14,-0.004726,-0.006852
2014-05-15,-0.008375,-0.006830
2014-05-16,0.003401,0.003325
2014-05-19,0.004287,0.005823
2014-05-20,-0.006933,-0.007937
2014-05-21,0.007421,0.004290
2014-05-22,0.003498,0.005598
2014-05-23,0.004761,0.006622
2014-05-27,0.005896,0.007250
2014-05-28,-0.001316,-0.000426
2014-05-29,0.004918,0.003798
2014-05-30,0.000641,-0.002478
2014-06-02,0.000707,-0.002722
2014-06-03,-0.000369,-0.002286
2014-06-04,0.002554,0.002550
2014-06-05,0.007261,0.011053
2014-06-06,0.005115,0.007430
2014-06-09,0.001870,0.005748
2014-06-10,-0.000362,0.000606
2014-06-11,-0.003074,-0.001367
2014-06-12,-0.005675,-0.002297
2014-06-13,0.003056,0.001781
2014-06-16,0.001411,0.002006
2014-06-17,0.002951,0.004991
2014-06-18,0.006963,0.005413
2014-06-19,0.001678,0.002033
2014-06-20,0.002081,0.001486
2014-06-23,0.000131,-0.000423
2014-06-24,-0.006979,-0.006623
2014-06-25,0.005115,0.004375
2014-06-26,-0.000561,0.000407
2014-06-27,0.002890,0.005283
2014-06-30,0.001035,0.002778
2014-07-01,0.006789,0.007202
2014-07-02,-0.000317,-0.000838
2014-07-03,0.004968,0.003767
2014-07-07,-0.006110,-0.009967
2014-07-08,-0.007345,-0.009708
2014-07-09,0.004480,0.002268
2014-07-10,-0.004858,-0.006661
2014-07-11,0.000777,0.000505
2014-07-14,0.004563,0.003811
2014-07-15,-0.003284,-0.006740
2014-07-16,0.003751,0.000775
2014-07-17,-0.010966,-0.010541
2014-07-18,0.010250,0.009656
2014-07-21,-0.002171,-0.001821
2014-07-22,0.005105,0.005685
2014-07-23,0.001843,0.001143
2014-07-24,0.000244,-0.000737
2014-07-25,-0.005025,-0.004408
2014-07-28,-0.000513,-0.002544
2014-07-29,-0.003659,-0.000656
2014-07-30,0.000540,0.001238
2014-07-31,-0.019359,-0.016042
2014-08-01,-0.003442,-0.004325
2014-08-04,0.007129,0.004569
2014-08-05,-0.008884,-0.004639
2014-08-06,0.000300,0.002049
2014-08-07,-0.004897,-0.003772
2014-08-08,0.010292,0.007341
2014-08-11,0.004768,0.007579
2014-08-12,-0.002199,-0.003681
2014-08-13,0.006608,0.005093
2014-08-14,0.004202,0.002515
2014-08-15,0.000294,-0.000418
2014-08-18,0.008519,0.008572
2014-08-19,0.004715,0.003095
2014-08-20,0.001984,-0.001684
2014-08-21,0.002461,0.001526
2014-08-22,-0.001445,0.000202
2014-08-25,0.004550,0.002831
2014-08-26,0.002181,0.004296
2014-08-27,0.000623,0.000708
2014-08-28,-0.001806,-0.002425
2014-08-29,0.003800,0.005008
2014-09-02,0.000031,0.001711
2014-09-03,-0.000580,-0.001910
2014-09-04,-0.002383,-0.003331
2014-09-05,0.004375,0.002325
2014-09-08,-0.002774,0.000711
2014-09-09,-0.006316,-0.007138
2014-09-10,0.003339,0.002361
2014-09-11,0.001306,0.001528
2014-09-12,-0.006588,-0.005937
2014-09-15,-0.002888,-0.008128
2014-09-16,0.007016,0.002691
2014-09-17,0.000797,0.000746
2014-09-18,0.004516,0.001232
2014-09-19,-0.002366,-0.005404
2014-09-22,-0.010079,-0.012408
2014-09-23,-0.005993,-0.005323
2014-09-24,0.007097,0.004422
2014-09-25,-0.015547,-0.011657
2014-09-26,0.008408,0.005849
2014-09-29,-0.002422,-0.001783
2014-09-30,-0.004091,-0.006147
2014-10-01,-0.012931,-0.012712
2014-10-02,0.000775,0.003224
2014-10-03,0.009096,0.004718
2014-10-06,-0.001582,-0.003940
2014-10-07,-0.014990,-0.012748
2014-10-08,0.015855,0.009494
2014-10-09,-0.021219,-0.019852
2014-10-10,-0.013333,-0.013074
2014-10-13,-0.015501,-0.007357
2014-10-14,0.002321,0.002958
2014-10-15,-0.004483,0.002839
2014-10-16,0.003835,0.011545
2014-10-17,0.010813,0.003826
2014-10-20,0.009244,0.008011
2014-10-21,0.019230,0.013127
2014-10-22,-0.008878,-0.009154
2014-10-23,0.012270,0.010159
2014-10-24,0.006013,0.001939
2014-10-27,-0.002172,-0.003801
2014-10-28,0.013743,0.016580
2014-10-29,-0.002246,-0.002074
2014-10-30,0.004987,0.003778
2014-10-31,0.011527,0.009145
2014-11-03,-0.000685,-0.001684
2014-11-04,-0.004628,-0.005727
2014-11-05,0.004889,0.001037
2014-11-06,0.003815,0.002064
2014-11-07,0.001998,0.003703
2014-11-10,0.002723,0.001480
2014-11-11,0.001120,0.000563
2014-11-12,0.000555,0.002473
2014-11-13,-0.000944,-0.006239
2014-11-14,0.001335,0.001907
2014-11-17,-0.000224,-0.004405
2014-11-18,0.005501,0.004301
2014-11-19,-0.002373,-0.006283
2014-11-20,0.003302,0.006490
2014-11-21,0.005330,0.004875
2014-11-24,0.003182,0.004896
2014-11-25,-0.000384,-0.000241
2014-11-26,0.002777,0.002520
2014-11-28,-0.006097,-0.013253
2014-12-01,-0.008988,-0.013735
2014-12-02,0.005867,0.005457
2014-12-03,0.005232,0.005992
2014-12-04,-0.002151,-0.004154
2014-12-05,0.001463,0.002811
2014-12-08,-0.009478,-0.014340
2014-12-09,0.001715,0.008818
2014-12-10,-0.017439,-0.016875
2014-12-11,0.004078,0.001751
2014-12-12,-0.015235,-0.010083
2014-12-15,-0.007671,-0.011454
2014-12-16,-0.005842,-0.001292
2014-12-17,0.021789,0.022401
2014-12-18,0.021547,0.014705
2014-12-19,0.004613,0.005261
2014-12-22,0.003242,0.001511
2014-12-23,0.002198,0.000876
2014-12-24,0.000579,0.002258
2014-12-26,0.003668,0.004967
2014-12-29,0.001242,0.000096
2014-12-30,-0.004285,-0.001811
2014-12-31,-0.008784,-0.001034
2015-01-02,-0.000242,0.001470
2015-01-05,-0.018275,-0.012534
2015-01-06,-0.009661,-0.010157
2015-01-07,0.011114,0.008010
2015-01-08,0.016844,0.013097
2015-01-09,-0.007545,-0.004116
2015-01-12,-0.007783,-0.004682
2015-01-13,-0.002264,-0.002489
2015-01-14,-0.005222,-0.003887
2015-01-15,-0.009182,-0.010573
2015-01-16,0.013841,0.012365
2015-01-20,0.000251,-0.003440
2015-01-21,0.004549,0.001028
2015-01-22,0.014704,0.010968
2015-01-23,-0.004203,-0.002662
2015-01-26,0.004402,0.007376
2015-01-27,-0.010008,-0.001498
2015-01-28,-0.014065,-0.012663
2015-01-29,0.008482,0.006215
2015-01-30,-0.012152,-0.009641
2015-02-02,0.012223,0.008777
2015-02-03,0.015024,0.015437
2015-02-04,-0.004439,-0.004505
2015-02-05,0.011508,0.011660
2015-02-06,-0.003588,-0.002860
2015-02-09,-0.004087,-0.001987
2015-02-10,0.008608,0.002268
2015-02-11,-0.000366,-0.001283
2015-02-12,0.010427,0.009910
2015-02-13,0.004733,0.007138
2015-02-17,0.001747,0.002174
2015-02-18,0.000119,0.002182
2015-02-19,-0.001016,0.000437
2015-02-20,0.005709,0.001811
2015-02-23,-0.000652,-0.002192
2015-02-24,0.002294,0.003274
2015-02-25,0.000697,0.003327
2015-02-26,-0.001540,-0.000219
2015-02-27,-0.002605,-0.001387
2015-03-02,0.005491,0.003498
2015-03-03,-0.004050,-0.003166
2015-03-04,-0.003780,-0.002645
2015-03-05,0.001631,0.002445
2015-03-06,-0.013852,-0.010881
2015-03-09,0.002862,-0.000853
2015-03-10,-0.015500,-0.012272
2015-03-11,-0.000191,0.002088
2015-03-12,0.011981,0.009584
2015-03-13,-0.005527,-0.004493
2015-03-16,0.011764,0.002426
2015-03-17,-0.001752,0.000823
2015-03-18,0.012080,0.010275
2015-03-19,-0.004553,-0.001078
2015-03-20,0.009388,0.007195
2015-03-23,-0.000947,0.003383
2015-03-24,-0.004568,0.000194
2015-03-25,-0.014691,-0.013047
2015-03-26,-0.002223,-0.002229
2015-03-27,0.002468,0.002272
2015-03-30,0.011519,0.006821
2015-03-31,-0.007119,-0.003535
2015-04-01,-0.002676,0.001036
2015-04-02,0.004004,0.004717
2015-04-06,0.006577,0.006032
2015-04-07,-0.002134,0.000123
2015-04-08,0.003582,0.004545
2015-04-09,0.003365,0.001321
2015-04-10,0.004585,0.003480
2015-04-13,-0.003718,-0.000350
2015-04-14,0.001885,0.003114
2015-04-15,0.006183,0.008043
2015-04-16,-0.000422,0.000410
2015-04-17,-0.011294,-0.010509
2015-04-20,0.008077,0.005606
2015-04-21,-0.001010,-0.000228
2015-04-22,0.004142,0.001945
2015-04-23,0.003555,0.005482
2015-04-24,0.001163,-0.000624
2015-04-27,-0.004791,-0.006117
2015-04-28,0.002456,0.002983
2015-04-29,-0.003923,-0.004960
2015-04-30,-0.010676,-0.011719
2015-05-01,0.009290,0.004734
2015-05-04,0.002961,0.003472
2015-05-05,-0.011551,-0.009817
2015-05-06,-0.003354,-0.002460
2015-05-07,0.003347,0.000738
2015-05-08,0.012083,0.008229
2015-05-11,-0.003980,-0.000927
2015-05-12,-0.002240,-0.001242
2015-05-13,0.000185,0.001063
2015-05-14,0.009713,0.006334
2015-05-15,0.001057,0.001810
2015-05-18,0.003342,0.003156
2015-05-19,-0.001352,-0.003869
2015-05-20,-0.000317,0.001341
2015-05-21,0.002465,0.000886
2015-05-22,-0.002200,-0.001794
2015-05-26,-0.010462,-0.009333
2015-05-27,0.008653,0.006229
2015-05-28,-0.001203,-0.001047
2015-05-29,-0.005829,-0.002778
2015-06-01,0.001528,0.000291
2015-06-02,0.000372,0.004341
2015-06-03,0.002647,0.004534
2015-06-04,-0.008883,-0.007436
2015-06-05,-0.000015,0.002866
2015-06-08,-0.006516,-0.003738
2015-06-09,-0.000033,-0.002465
2015-06-10,0.011505,0.009196
2015-06-11,0.001897,0.000958
2015-06-12,-0.006154,-0.001977
2015-06-15,-0.004048,-0.002191
2015-06-16,0.004953,0.002474
2015-06-17,0.001723,0.000426
2015-06-18,0.009278,0.006357
2015-06-19,-0.004858,-0.003150
2015-06-22,0.005845,0.005036
2015-06-23,0.001287,0.002622
2015-06-24,-0.007414,-0.006447
2015-06-25,-0.002654,-0.002799
2015-06-26,-0.000814,-0.004220
2015-06-29,-0.021502,-0.020715
2015-06-30,0.002975,0.004032
2015-07-01,0.005472,-0.000107
2015-07-02,-0.000554,-0.002090
2015-07-06,-0.004518,-0.006921
2015-07-07,0.004976,-0.002198
2015-07-08,-0.016512,-0.016730
2015-07-09,0.002742,0.006798
2015-07-10,0.012674,0.011929
2015-07-13,0.010250,0.007893
2015-07-14,0.004722,0.004570
2015-07-15,-0.002478,-0.006609
2015-07-16,0.006972,0.004370
2015-07-17,-0.000638,-0.004242
2015-07-20,-0.001222,-0.009278
2015-07-21,-0.004063,-0.001765
2015-07-22,-0.002359,-0.003043
2015-07-23,-0.005452,-0.006047
2015-07-24,-0.010027,-0.010380
2015-07-27,-0.007086,-0.009776
2015-07-28,0.012261,0.007969
2015-07-29,0.007577,0.006651
2015-07-30,0.000803,-0.000556
2015-07-31,-0.000764,0.002575
2015-08-03,-0.003671,-0.006866
2015-08-04,-0.001717,-0.000996
2015-08-05,0.002575,-0.000443
2015-08-06,-0.007848,-0.006120
2015-08-07,-0.003275,-0.004483
2015-08-10,0.013132,0.012890
2015-08-11,-0.009257,-0.008293
2015-08-12,0.000704,0.001230
2015-08-13,-0.002045,-0.003473
2015-08-14,0.003786,0.002694
2015-08-17,0.005742,0.003814
2015-08-18,-0.003505,-0.005699
2015-08-19,-0.008794,-0.007953
2015-08-20,-0.021636,-0.018718
2015-08-21,-0.028014,-0.015817
2015-08-24,-0.038574,-0.034964
2015-08-25,-0.010297,-0.000296
2015-08-26,0.033787,0.015986
2015-08-27,0.024411,0.023381
2015-08-28,0.002532,0.009613
2015-08-31,-0.007265,0.001207
2015-09-01,-0.028174,-0.020325
2015-09-02,0.016353,0.008658
2015-09-03,0.001834,0.002044
2015-09-04,-0.013754,-0.007374
2015-09-08,0.023691,0.015953
2015-09-09,-0.012783,-0.007957
2015-09-10,0.004395,0.002675
2015-09-11,0.003428,0.000354
2015-09-14,-0.004221,-0.004764
2015-09-15,0.011419,0.007199
2015-09-16,0.009522,0.010275
2015-09-17,-0.000704,0.003943
2015-09-18,-0.015322,-0.005291
2015-09-21,0.003336,-0.002790
2015-09-22,-0.013653,-0.013912
2015-09-23,-0.003487,-0.005808
2015-09-24,-0.003706,-0.002068
2015-09-25,-0.002118,-0.009678
2015-09-28,-0.027043,-0.025937
2015-09-29,-0.000916,-0.006672
2015-09-30,0.019430,0.014167
2015-10-01,0.001947,-0.001709
2015-10-02,0.015168,0.016154
2015-10-05,0.018766,0.021300
2015-10-06,-0.003110,0.002237
2015-10-07,0.009818,0.011847
2015-10-08,0.008529,0.009248
2015-10-09,0.001438,0.003569
2015-10-12,-0.000202,-0.002936
2015-10-13,-0.007799,-0.009081
2015-10-14,-0.004294,-0.003052
2015-10-15,0.014711,0.015938
2015-10-16,0.003420,-0.000365
2015-10-19,-0.000678,-0.002570
2015-10-20,-0.001171,0.000590
2015-10-21,-0.008024,-0.010894
2015-10-22,0.013929,0.006549
2015-10-23,0.009499,0.005941
2015-10-26,-0.002802,-0.005873
2015-10-27,-0.004495,-0.010870
2015-10-28,0.013657,0.016547
2015-10-29,-0.002218,-0.005698
2015-10-30,-0.004004,-0.001223
2015-11-02,0.012446,0.015201
2015-11-03,0.003088,0.005961
2015-11-04,-0.003380,-0.002204
2015-11-05,-0.001396,-0.003209
2015-11-06,-0.000383,0.000608
2015-11-09,-0.009594,-0.009097
2015-11-10,0.001286,-0.002457
2015-11-11,-0.004136,-0.006493
2015-11-12,-0.014519,-0.013508
2015-11-13,-0.009781,-0.005603
2015-11-16,0.013738,0.006320
2015-11-17,-0.001359,-0.004298
2015-11-18,0.015275,0.009546
2015-11-19,-0.000988,-0.000791
2015-11-20,0.003000,0.002458
2015-11-23,-0.000666,0.002187
2015-11-24,0.002343,0.005631
2015-11-25,0.001177,0.005040
2015-11-27,0.000779,0.002123
2015-11-30,-0.003859,-0.000273
2015-12-01,0.009508,0.006206
2015-12-02,-0.010722,-0.009449
2015-12-03,-0.014317,-0.010773
2015-12-04,0.016454,0.004067
2015-12-07,-0.009769,-0.016406
2015-12-08,-0.006113,-0.004607
2015-12-09,-0.006630,-0.004328
2015-12-10,0.002053,0.002262
2015-12-11,-0.019829,-0.019469
2015-12-14,0.001577,-0.009599
2015-12-15,0.011317,0.010133
2015-12-16,0.014887,0.013381
2015-12-17,-0.014588,-0.008150
2015-12-18,-0.015037,-0.005024
2015-12-21,0.007163,0.004597
2015-12-22,0.008827,0.007966
2015-12-23,0.013678,0.016397
2015-12-24,-0.000839,0.001734
2015-12-28,-0.003319,-0.007467
2015-12-29,0.010018,0.006102
2015-12-30,-0.007358,-0.006728
2015-12-31,-0.008181,-0.002015
2016-01-04,-0.014890,-0.012346
2016-01-05,0.001397,0.000358
2016-01-06,-0.013799,-0.013461
2016-01-07,-0.023909,-0.024817
2016-01-08,-0.010935,-0.010280
2016-01-11,-0.001736,-0.011470
2016-01-12,0.006081,-0.002801
2016-01-13,-0.025834,-0.025334
2016-01-14,0.015434,0.011798
2016-01-15,-0.021670,-0.021013
2016-01-19,-0.002414,-0.011550
2016-01-20,-0.010584,-0.006012
2016-01-21,0.005654,0.009705
2016-01-22,0.022476,0.024274
2016-01-25,-0.016673,-0.015854
2016-01-26,0.015919,0.016783
2016-01-27,-0.010546,-0.007908
2016-01-28,0.005035,0.003096
2016-01-29,0.024547,0.022985
2016-02-01,-0.000351,-0.001283
2016-02-02,-0.020022,-0.018987
2016-02-03,0.005729,0.005886
2016-02-04,0.003623,0.007470
2016-02-05,-0.019591,-0.017767
2016-02-08,-0.016964,-0.019847
2016-02-09,-0.003067,-0.010316
2016-02-10,0.000273,-0.000341
2016-02-11,-0.011979,-0.010969
2016-02-12,0.020132,0.017355
2016-02-16,0.017684,0.018596
2016-02-17,0.018099,0.020475
2016-02-18,-0.004199,-0.003082
2016-02-19,-0.000231,-0.000172
2016-02-22,0.014305,0.014120
2016-02-23,-0.011789,-0.010400
2016-02-24,0.004963,0.005400
2016-02-25,0.011044,0.006034
2016-02-26,0.000283,0.006814
2016-02-29,-0.005893,0.001118
2016-03-01,0.022404,0.015678
2016-03-02,0.005674,0.012915
2016-03-03,0.005603,0.011133
2016-03-04,0.004192,0.009375
2016-03-07,0.003223,0.015463
2016-03-08,-0.013540,-0.018193
2016-03-09,0.005555,0.005671
2016-03-10,-0.001281,-0.004424
2016-03-11,0.017442,0.016288
2016-03-14,-0.001576,0.000194
2016-03-15,-0.004458,-0.012586
2016-03-16,0.007493,0.008931
2016-03-17,0.008250,0.011653
2016-03-18,0.003879,0.004755
2016-03-21,0.000503,0.001397
2016-03-22,-0.000372,-0.000080
2016-03-23,-0.009450,-0.016270
2016-03-24,-0.000141,0.001314
2016-03-28,0.000806,-0.000773
2016-03-29,0.011053,0.013285
2016-03-30,0.004467,0.004490
2016-03-31,-0.000868,0.001595
2016-04-01,0.004664,0.001470
2016-04-04,-0.004391,-0.004635
2016-04-05,-0.010012,-0.007950
2016-04-06,0.011074,0.010785
2016-04-07,-0.011653,-0.008700
2016-04-08,0.004327,0.006507
2016-04-11,-0.001833,0.002527
2016-04-12,0.010399,0.010825
2016-04-13,0.011323,0.014055
2016-04-14,-0.000462,-0.000171
2016-04-15,-0.000565,0.000183
2016-04-18,0.006766,0.006411
2016-04-19,0.004490,0.006447
2016-04-20,0.001225,0.002083
2016-04-21,-0.005273,-0.002437
2016-04-22,0.001835,0.005726
2016-04-25,-0.002787,-0.004835
2016-04-26,0.003357,0.006571
2016-04-27,0.002651,0.004820
2016-04-28,-0.008569,-0.005092
2016-04-29,-0.004465,-0.003775
2016-05-02,0.006733,0.001940
2016-05-03,-0.011101,-0.012701
2016-05-04,-0.006171,-0.006506
2016-05-05,-0.000444,-0.002793
2016-05-06,0.003519,0.001418
2016-05-09,-0.000200,-0.002075
2016-05-10,0.012298,0.008524
2016-05-11,-0.008295,-0.005740
2016-05-12,-0.000776,-0.007274
2016-05-13,-0.007964,-0.004728
2016-05-16,0.010210,0.008839
2016-05-17,-0.008591,-0.007520
2016-05-18,-0.000812,-0.001407
2016-05-19,-0.003791,-0.006320
2016-05-20,0.007642,0.010403
2016-05-23,-0.001790,0.001970
2016-05-24,0.013114,0.011284
2016-05-25,0.007321,0.008136
2016-05-26,-0.000158,-0.000718
2016-05-27,0.004415,0.004876
2016-05-31,-0.000348,0.003280
2016-06-01,0.002367,0.005121
2016-06-02,0.003603,0.004049
2016-06-03,-0.001949,-0.000086
2016-06-06,0.006131,0.010977
2016-06-07,0.002122,0.004184
2016-06-08,0.003565,0.006503
2016-06-09,-0.002816,-0.005592
2016-06-10,-0.011232,-0.013732
2016-06-13,-0.008135,-0.009599
2016-06-14,-0.002780,-0.005217
2016-06-15,-0.000492,0.003866
2016-06-16,0.001908,-0.002101
2016-06-17,-0.001748,0.001622
2016-06-20,0.007279,0.010065
2016-06-21,0.002334,-0.001065
2016-06-22,-0.001865,-0.002201
2016-06-23,0.014415,0.014344
2016-06-24,-0.036628,-0.030438
2016-06-27,-0.020320,-0.025568
2016-06-28,0.018043,0.018965
2016-06-29,0.017600,0.016154
2016-06-30,0.013181,0.009829
2016-07-01,0.003010,0.007658
2016-07-05,-0.008225,-0.011081
2016-07-06,0.005437,0.004363
2016-07-07,-0.000690,0.001080
2016-07-08,0.015478,0.016923
2016-07-11,0.004210,0.006845
2016-07-12,0.007923,0.010660
2016-07-13,-0.000232,-0.002455
2016-07-14,0.004685,0.002044
2016-07-15,-0.000803,0.001040
2016-07-18,0.002602,0.003147
2016-07-19,-0.002363,-0.004728
2016-07-20,0.004629,0.006200
2016-07-21,-0.003322,-0.001336
2016-07-22,0.004500,0.004519
2016-07-25,-0.003154,-0.003686
2016-07-26,0.001613,0.004149
2016-07-27,-0.001242,0.001903
2016-07-28,0.001673,-0.000081
2016-07-29,0.002630,0.003096
2016-08-01,-0.002254,-0.002145
2016-08-02,-0.007105,-0.008437
2016-08-03,0.004385,0.007186
2016-08-04,0.000814,0.002477
2016-08-05,0.008058,0.008416
2016-08-08,0.000104,0.002446
2016-08-09,0.001069,0.000820
2016-08-10,-0.002555,-0.004809
2016-08-11,0.004818,0.005221
2016-08-12,-0.000494,0.000413
2016-08-15,0.004008,0.006996
2016-08-16,-0.005477,-0.003704
2016-08-17,0.001044,-0.001398
2016-08-18,0.003387,0.005747
2016-08-19,-0.001828,-0.001545
2016-08-22,-0.000427,0.000429
2016-08-23,0.002825,0.004417
2016-08-24,-0.006035,-0.007102
2016-08-25,-0.000675,-0.000008
2016-08-26,-0.001829,-0.001858
2016-08-29,0.005225,0.005103
2016-08-30,-0.001514,-0.000376
2016-08-31,-0.002578,-0.003810
2016-09-01,0.000748,0.000703
2016-09-02,0.005882,0.007864
2016-09-06,0.003391,0.005607
2016-09-07,0.000821,0.002865
2016-09-08,-0.002078,0.001986
2016-09-09,-0.025010,-0.023198
2016-09-12,0.013340,0.008237
2016-09-13,-0.015849,-0.015948
2016-09-14,-0.000526,0.000174
2016-09-15,0.010099,0.007968
2016-09-16,-0.003865,-0.001614
2016-09-19,0.001385,0.003709
2016-09-20,-0.000363,0.000419
2016-09-21,0.011864,0.011189
2016-09-22,0.007814,0.009800
2016-09-23,-0.005940,-0.004156
2016-09-26,-0.008221,-0.007691
2016-09-27,0.005100,0.002947
2016-09-28,0.006710,0.007085
2016-09-29,-0.009216,-0.008468
2016-09-30,0.007830,0.007534
2016-10-03,-0.003050,-0.000568
2016-10-04,-0.005600,-0.006696
2016-10-05,0.004940,0.005995
2016-10-06,-0.000753,-0.002994
2016-10-07,-0.003829,-0.004779
2016-10-10,0.005594,0.006898
2016-10-11,-0.012616,-0.013027
2016-10-12,0.000932,-0.001019
2016-10-13,-0.003327,-0.006476
2016-10-14,-0.000324,-0.001768
2016-10-17,-0.002525,-0.003120
2016-10-18,0.006561,0.005962
2016-10-19,0.003002,0.004693
2016-10-20,-0.001641,-0.000316
2016-10-21,-0.000113,-0.000547
2016-10-24,0.004434,0.001843
2016-10-25,-0.004367,-0.005666
2016-10-26,-0.002777,-0.005722
2016-10-27,-0.003986,-0.007623
2016-10-28,-0.002573,-0.003867
2016-10-31,0.000430,-0.001156
2016-11-01,-0.006771,-0.007474
2016-11-02,-0.007680,-0.010496
2016-11-03,-0.003940,-0.007025
2016-11-04,-0.001240,0.000766
2016-11-07,0.020927,0.016051
2016-11-08,0.003884,0.002830
2016-11-09,0.012048,0.015719
2016-11-10,0.001979,0.006015
2016-11-11,0.000261,0.008810
2016-11-14,0.002384,0.005926
2016-11-15,0.007902,0.007643
2016-11-16,-0.001517,0.001919
2016-11-17,0.004607,0.003058
2016-11-18,-0.001358,0.001402
2016-11-21,0.007769,0.006572
2016-11-22,0.003038,0.004434
2016-11-23,0.000943,0.002052
2016-11-25,0.003636,0.004302
2016-11-28,-0.005935,-0.006371
2016-11-29,0.000960,-0.001862
2016-11-30,-0.001561,-0.000985
2016-12-01,-0.004207,-0.005850
2016-12-02,0.000701,0.001674
2016-12-05,0.007299,0.010742
2016-12-06,0.004758,0.007267
2016-12-07,0.012388,0.007856
2016-12-08,0.003744,0.008256
2016-12-09,0.003907,0.002253
2016-12-12,-0.002453,-0.005935
2016-12-13,0.005763,0.001855
2016-12-14,-0.009619,-0.010840
2016-12-15,0.003588,0.002157
2016-12-16,-0.001159,0.001436
2016-12-19,0.002094,0.002677
2016-12-20,0.004310,0.004266
2016-12-21,-0.002494,-0.002134
2016-12-22,-0.002734,-0.004958
2016-12-23,0.001844,0.004900
2016-12-27,0.002518,0.003182
2016-12-28,-0.007978,-0.007213
2016-12-29,0.000587,0.001377
2016-12-30,-0.004036,-0.001826
2017-01-03,0.008205,0.009122
2017-01-04,0.008618,0.013134
2017-01-05,-0.000945,-0.000892
2017-01-06,0.002310,-0.001362
2017-01-09,-0.003925,-0.003245
2017-01-10,0.001311,0.006083
2017-01-11,0.003227,0.002873
2017-01-12,-0.002536,-0.003441
2017-01-13,0.002819,0.005344
2017-01-17,-0.003693,-0.005103
2017-01-18,0.001415,0.000255
2017-01-19,-0.003889,-0.005072
2017-01-20,0.003625,0.003886
2017-01-23,-0.001921,-0.001928
2017-01-24,0.008375,0.009530
2017-01-25,0.008078,0.007647
2017-01-26,-0.001150,-0.002519
2017-01-27,-0.001599,-0.001404
2017-01-30,-0.007057,-0.009656
2017-01-31,0.000839,0.003957
2017-02-01,0.000282,0.001042
2017-02-02,0.000599,0.000583
2017-02-03,0.007801,0.008413
2017-02-06,-0.002713,-0.003058
2017-02-07,-0.000541,-0.002202
2017-02-08,0.001224,0.000003
2017-02-09,0.006490,0.007785
2017-02-10,0.004103,0.006330
2017-02-13,0.004652,0.002897
2017-02-14,0.003882,0.002458
2017-02-15,0.004785,0.003714
2017-02-16,-0.001251,-0.002214
2017-02-17,0.001900,0.001432
2017-02-21,0.005811,0.004475
2017-02-22,-0.001741,-0.004010
2017-02-23,-0.000909,-0.003617
2017-02-24,0.000450,-0.001555
2017-02-27,0.001995,0.005565
2017-02-28,-0.004647,-0.009037
2017-03-01,0.013366,0.011195
2017-03-02,-0.006862,-0.008063
2017-03-03,0.000944,0.000046
2017-03-06,-0.003808,-0.006270
2017-03-07,-0.003455,-0.004523
2017-03-08,-0.003233,-0.004182
2017-03-09,-0.000246,-0.003409
2017-03-10,0.003446,0.003374
2017-03-13,0.001665,0.005047
2017-03-14,-0.004180,-0.006412
2017-03-15,0.010125,0.011914
2017-03-16,-0.000614,0.003401
2017-03-17,-0.000812,0.002295
2017-03-20,-0.002332,-0.002129
2017-03-21,-0.013602,-0.016334
2017-03-22,0.001795,-0.002022
2017-03-23,0.000156,0.004109
2017-03-24,-0.000317,0.001380
2017-03-27,-0.000361,0.002729
2017-03-28,0.006893,0.005633
2017-03-29,0.002268,0.005747
2017-03-30,0.002599,0.002824
2017-03-31,-0.001095,0.002222
2017-04-03,-0.002624,-0.005973
2017-04-04,0.000621,-0.002166
2017-04-05,-0.004134,-0.006667
2017-04-06,0.003506,0.006073
2017-04-07,-0.000717,0.000072
2017-04-10,0.001468,0.002432
2017-04-11,-0.000127,0.002987
2017-04-12,-0.004575,-0.005825
2017-04-13,-0.007191,-0.006326
2017-04-17,0.008654,0.006076
2017-04-18,-0.002508,-0.002669
2017-04-19,-0.001333,0.000344
2017-04-20,0.007669,0.007076
2017-04-21,-0.002842,-0.002115
2017-04-24,0.010754,0.007824
2017-04-25,0.005960,0.006072
2017-04-26,-0.000105,0.003810
2017-04-27,-0.000040,-0.001777
2017-04-28,-0.002611,-0.004225
2017-05-01,0.002001,0.001152
2017-05-02,0.000255,-0.002009
2017-05-03,-0.002573,-0.004587
2017-05-04,-0.000777,-0.004697
2017-05-05,0.005792,0.006221
2017-05-08,-0.000820,-0.001231
2017-05-09,-0.000984,0.000561
2017-05-10,0.002600,0.003962
2017-05-11,-0.002715,-0.003107
2017-05-12,-0.001539,-0.002252
2017-05-15,0.005603,0.005760
2017-05-16,-0.000384,-0.001230
2017-05-17,-0.018102,-0.016886
2017-05-18,0.003369,-0.000081
2017-05-19,0.007577,0.008121
2017-05-22,0.005394,0.004161
2017-05-23,0.001526,0.000542
2017-05-24,0.002402,0.000711
2017-05-25,0.003248,0.000290
2017-05-26,0.000310,0.000124
2017-05-30,-0.002267,-0.005404
2017-05-31,-0.000326,-0.000710
2017-06-01,0.009052,0.010904
2017-06-02,0.003486,0.004465
2017-06-05,-0.001819,-0.004036
2017-06-06,-0.002150,-0.000790
2017-06-07,0.000725,-0.000940
2017-06-08,0.001597,0.005748
2017-06-09,-0.000547,0.002024
2017-06-12,-0.000866,-0.001210
2017-06-13,0.005328,0.005552
2017-06-14,-0.002289,-0.004337
2017-06-15,-0.002973,-0.005338
2017-06-16,0.000543,-0.000142
2017-06-19,0.007639,0.006074
2017-06-20,-0.007515,-0.006921
2017-06-21,-0.000752,-0.001863
2017-06-22,0.000802,0.004618
2017-06-23,0.002916,0.006132
2017-06-26,0.000940,0.003670
2017-06-27,-0.007476,-0.005515
2017-06-28,0.010009,0.009610
2017-06-29,-0.008117,-0.004494
2017-06-30,0.001446,0.001301
2017-07-03,0.003039,0.005382
2017-07-05,0.000131,-0.003671
2017-07-06,-0.009231,-0.008873
2017-07-07,0.006444,0.004721
2017-07-10,0.000501,-0.000569
2017-07-11,0.000236,0.000983
2017-07-12,0.007693,0.007062
2017-07-13,0.001729,0.001716
2017-07-14,0.004849,0.004238
2017-07-17,0.000014,0.001124
2017-07-18,0.000459,-0.001659
2017-07-19,0.005964,0.006293
2017-07-20,0.000033,0.000156
2017-07-21,-0.000922,-0.002183
2017-07-24,-0.000133,-0.000294
2017-07-25,0.003457,0.003735
2017-07-26,-0.000085,-0.000339
2017-07-27,-0.002093,-0.005113
2017-07-28,-0.001066,-0.000600
2017-07-31,-0.000859,-0.001476
2017-08-01,0.002360,-0.000040
2017-08-02,-0.000989,-0.006714
2017-08-03,-0.002180,-0.003729
2017-08-04,0.002012,0.002573
2017-08-07,0.001414,0.000187
2017-08-08,-0.002772,-0.003534
2017-08-09,-0.001449,-0.006361
2017-08-10,-0.014415,-0.014476
2017-08-11,0.001508,0.001186
2017-08-14,0.009827,0.010522
2017-08-15,-0.001450,-0.006162
2017-08-16,0.002153,0.002418
2017-08-17,-0.014559,-0.010727
2017-08-18,-0.001186,0.001833
2017-08-21,0.000858,-0.001551
2017-08-22,0.009406,0.006494
2017-08-23,-0.001918,0.000624
2017-08-24,-0.001160,0.002926
2017-08-25,0.002002,0.004661
2017-08-28,0.000326,0.001006
2017-08-29,0.000673,0.001716
2017-08-30,0.004622,0.003613
2017-08-31,0.006903,0.006717
2017-09-01,0.002852,0.006153
2017-09-05,-0.007620,-0.005636
2017-09-06,0.003190,0.003312
2017-09-07,-0.000032,0.001174
2017-09-08,-0.001271,-0.000926
2017-09-11,0.010251,0.008922
2017-09-12,0.003547,0.004436
2017-09-13,0.000552,0.002703
2017-09-14,-0.000492,0.000337
2017-09-15,0.001829,0.002498
2017-09-18,0.002006,0.003485
2017-09-19,0.001121,0.000316
2017-09-20,0.000919,0.002178
2017-09-21,-0.002543,-0.001112
2017-09-22,0.001100,0.004152
2017-09-25,-0.001881,-0.000749
2017-09-26,0.000213,0.002167
2017-09-27,0.004975,0.007975
2017-09-28,0.001611,0.001972
2017-09-29,0.003328,0.002609
2017-10-02,0.004542,0.007313
2017-10-03,0.002500,0.002963
2017-10-04,0.000781,0.000718
2017-10-05,0.004770,0.003880
2017-10-06,-0.000977,-0.000501
2017-10-09,-0.001988,-0.002336
2017-10-10,0.002717,0.003161
2017-10-11,0.001950,0.001334
2017-10-12,-0.001538,-0.002471
2017-10-13,0.000886,0.000088
2017-10-16,0.001013,-0.001625
2017-10-17,-0.000188,-0.002831
2017-10-18,0.000987,0.000940
2017-10-19,-0.000131,-0.001806
2017-10-20,0.004204,0.003116
2017-10-23,-0.004272,-0.005788
2017-10-24,0.001655,0.000185
2017-10-25,-0.005407,-0.005323
2017-10-26,0.001500,-0.000357
2017-10-27,0.007589,0.004281
2017-10-30,-0.003392,-0.004991
2017-10-31,0.002030,0.004483
2017-11-01,0.000748,-0.002077
2017-11-02,0.000340,0.000869
2017-11-03,0.002852,0.001421
2017-11-06,0.002097,0.004420
2017-11-07,-0.001835,-0.006591
2017-11-08,0.001385,0.000477
2017-11-09,-0.003602,-0.001400
2017-11-10,-0.000272,0.000457
2017-11-13,0.000195,-0.001612
2017-11-14,-0.002560,-0.004490
2017-11-15,-0.004852,-0.003016
2017-11-16,0.009334,0.012355
2017-11-17,-0.000921,0.005062
2017-11-20,0.001805,0.003240
2017-11-21,0.006542,0.005207
2017-11-22,-0.000064,0.002776
2017-11-24,0.002145,0.003050
2017-11-27,-0.001546,-0.003366
2017-11-28,0.008835,0.006278
2017-11-29,-0.000731,-0.000067
2017-11-30,0.007237,0.002285
2017-12-01,-0.001124,-0.001144
2017-12-04,-0.001749,-0.002324
2017-12-05,-0.004180,-0.004838
2017-12-06,-0.001387,-0.006295
2017-12-07,0.004019,0.004991
2017-12-08,0.005050,0.003482
2017-12-11,0.002781,0.001522
2017-12-12,0.000744,-0.001622
2017-12-13,0.000541,0.003889
2017-12-14,-0.004374,-0.005002
2017-12-15,0.007951,0.007323
2017-12-18,0.006749,0.009301
2017-12-19,-0.003411,-0.003608
2017-12-20,-0.000103,0.003126
2017-12-21,0.002510,0.004873
2017-12-22,-0.000161,0.000112
2017-12-26,-0.000171,0.002458
2017-12-27,0.000848,0.001169
2017-12-28,0.002503,0.003175
2017-12-29,-0.004750,-0.002981
2018-01-02,0.008505,0.011232
2018-01-03,0.005856,0.005103
2018-01-04,0.004001,0.005272
2018-01-05,0.005804,0.003880
2018-01-08,0.001816,0.000584
2018-01-09,0.000921,-0.001584
2018-01-10,-0.001506,0.000100
2018-01-11,0.008295,0.011966
2018-01-12,0.006082,0.003715
2018-01-16,-0.004432,-0.007370
2018-01-17,0.008575,0.004769
2018-01-18,-0.002002,-0.003355
2018-01-19,0.005419,0.007173
2018-01-22,0.007587,0.005004
2018-01-23,0.002623,0.002905
2018-01-24,-0.000901,-0.001853
2018-01-25,0.000076,-0.000398
2018-01-26,0.009965,0.004628
2018-01-29,-0.006914,-0.007809
2018-01-30,-0.010195,-0.010015
2018-01-31,0.000149,-0.002694
2018-02-01,-0.000265,-0.000633
2018-02-02,-0.020867,-0.018847
2018-02-05,-0.038014,-0.027854
2018-02-06,0.015314,0.008436
2018-02-07,-0.004174,-0.000454
2018-02-08,-0.034694,-0.022941
2018-02-09,0.012281,0.002426
2018-02-12,0.013221,0.010865
2018-02-13,0.002897,0.003372
2018-02-14,0.014362,0.012807
2018-02-15,0.011112,0.007357
2018-02-16,0.000368,0.001361
2018-02-20,-0.006285,-0.006603
2018-02-21,-0.004405,-0.000251
2018-02-22,0.000219,-0.001503
2018-02-23,0.014656,0.009611
2018-02-26,0.009999,0.005807
2018-02-27,-0.012554,-0.011787
2018-02-28,-0.011036,-0.009711
2018-03-01,-0.010788,-0.003841
2018-03-02,0.005872,0.009519
2018-03-05,0.010129,0.007872
2018-03-06,0.004148,0.005592
2018-03-07,0.000450,0.002498
2018-03-08,0.003647,0.001971
2018-03-09,0.015750,0.010643
2018-03-12,-0.000151,0.003359
2018-03-13,-0.006180,-0.004327
2018-03-14,-0.004591,-0.002565
2018-03-15,-0.002203,-0.004407
2018-03-16,0.002435,0.005377
2018-03-19,-0.012909,-0.009042
2018-03-20,0.001338,-0.001227
2018-03-21,0.000421,0.005376
2018-03-22,-0.023890,-0.015429
2018-03-23,-0.019286,-0.013460
2018-03-26,0.024231,0.011327
2018-03-27,-0.016562,-0.012416
2018-03-28,-0.002589,-0.003210
2018-03-29,0.013458,0.009276
2018-04-02,-0.021354,-0.016113
2018-04-03,0.011507,0.006839
2018-04-04,0.010361,0.008931
2018-04-05,0.007405,0.006964
2018-04-06,-0.019971,-0.012568
2018-04-09,0.002849,0.000648
2018-04-10,0.016406,0.013854
2018-04-11,-0.003796,0.001802
2018-04-12,0.006932,0.004143
2018-04-13,-0.003070,-0.002309
2018-04-16,0.008002,0.004759
2018-04-17,0.010291,0.007900
2018-04-18,0.001626,0.003093
2018-04-19,-0.005395,-0.004882
2018-04-20,-0.007464,-0.005071
2018-04-23,-0.000446,-0.002690
2018-04-24,-0.011375,-0.005320
2018-04-25,0.000773,-0.001460
2018-04-26,0.009015,0.004886
2018-04-27,0.000715,0.000995
2018-04-30,-0.007258,-0.004782
2018-05-01,0.002191,0.001574
2018-05-02,-0.005574,0.002890
2018-05-03,-0.002256,-0.003678
2018-05-04,0.012299,0.008924
2018-05-07,0.004128,0.004645
2018-05-08,0.000407,0.001064
2018-05-09,0.008609,0.004881
2018-05-10,0.008627,0.004790
2018-05-11,0.001549,0.001239
2018-05-14,0.000775,0.000788
2018-05-15,-0.005764,-0.002099
2018-05-16,0.004811,0.005051
2018-05-17,0.000295,0.003840
2018-05-18,-0.002228,0.000349
2018-05-21,0.006987,0.004280
2018-05-22,-0.003453,-0.002860
2018-05-23,0.002289,0.000427
2018-05-24,-0.001827,-0.000850
2018-05-25,-0.002208,-0.000908
2018-05-29,-0.009951,-0.004953
2018-05-30,0.013096,0.009972
2018-05-31,-0.006490,-0.003034
2018-06-01,0.009646,0.006290
2018-06-04,0.004526,0.001585
2018-06-05,0.001474,0.004427
2018-06-06,0.007987,0.004383
2018-06-07,-0.001115,-0.001085
2018-06-08,0.002985,0.001649
2018-06-11,0.001520,0.003288
2018-06-12,0.001944,0.001684
2018-06-13,-0.003612,-0.002707
2018-06-14,0.002641,0.001899
2018-06-15,-0.001637,-0.001507
2018-06-18,-0.000751,0.001286
2018-06-19,-0.004079,-0.002744
2018-06-20,0.002734,0.005565
2018-06-21,-0.006898,-0.008063
2018-06-22,0.002282,0.004064
2018-06-25,-0.014414,-0.012069
2018-06-26,0.002922,0.004465
2018-06-27,-0.009748,-0.010979
2018-06-28,0.005631,0.001462
2018-06-29,0.001584,0.002636
2018-07-02,0.002185,0.001214
2018-07-03,-0.002892,0.002948
2018-07-05,0.008475,0.006950
2018-07-06,0.008390,0.006434
2018-07-09,0.008401,0.006172
2018-07-10,0.002293,-0.001916
2018-07-11,-0.007407,-0.007179
2018-07-12,0.008241,0.004440
2018-07-13,0.000713,-0.000529
2018-07-16,-0.001830,-0.005021
2018-07-17,0.003883,0.002749
2018-07-18,0.002471,0.001537
2018-07-19,-0.002465,0.000942
2018-07-20,-0.001024,-0.000693
2018-07-23,0.001025,-0.000604
2018-07-24,0.001977,-0.004343
2018-07-25,0.008264,0.003493
2018-07-26,-0.001558,0.001621
2018-07-27,-0.007646,-0.010766
2018-07-30,-0.005580,-0.004365
2018-07-31,0.005536,0.005500
2018-08-01,-0.001296,-0.001793
2018-08-02,0.005511,0.002312
2018-08-03,0.003274,-0.000883
2018-08-06,0.003857,0.002659
2018-08-07,0.002255,0.001724
2018-08-08,-0.000270,-0.000608
2018-08-09,-0.000291,0.001989
2018-08-10,-0.006335,-0.005299
2018-08-13,-0.004685,-0.006389
2018-08-14,0.006617,0.004415
2018-08-15,-0.009080,-0.012479
2018-08-16,0.008016,0.007086
2018-08-17,0.003866,0.003823
2018-08-20,0.002833,0.003842
2018-08-21,0.003128,0.006213
2018-08-22,0.000730,0.003802
2018-08-23,-0.002437,-0.003339
2018-08-24,0.006245,0.005713
2018-08-27,0.007157,0.003943
2018-08-28,0.000006,0.000581
2018-08-29,0.005183,0.004793
2018-08-30,-0.004428,-0.003806
2018-08-31,0.000301,0.003133
2018-09-04,-0.002248,-0.003329
2018-09-05,-0.003502,-0.004134
2018-09-06,-0.003967,-0.005167
2018-09-07,-0.002371,-0.002277
2018-09-10,0.002274,0.000687
2018-09-11,0.003230,0.000291
2018-09-12,0.000829,0.001208
2018-09-13,0.004324,0.001104
2018-09-14,0.000904,-0.000275
2018-09-17,-0.005975,-0.004701
2018-09-18,0.005494,0.004610
2018-09-19,0.000524,0.000787
2018-09-20,0.007850,0.009133
2018-09-21,-0.001043,-0.000793
2018-09-24,-0.003703,-0.002287
2018-09-25,-0.000509,0.000698
2018-09-26,-0.004024,-0.004507
2018-09-27,0.002401,0.000414
2018-09-28,0.000090,0.000967
2018-10-01,0.001786,-0.003124
2018-10-02,-0.002262,-0.005132
2018-10-03,0.001625,0.005896
2018-10-04,-0.009310,-0.011729
2018-10-05,-0.006058,-0.006687
2018-10-08,-0.001348,-0.002797
2018-10-09,-0.001788,-0.003637
2018-10-10,-0.031351,-0.023287
2018-10-11,-0.018802,-0.012620
2018-10-12,0.012278,0.005784
2018-10-15,-0.003655,0.001522
2018-10-16,0.021470,0.017397
2018-10-17,-0.001386,-0.002447
2018-10-18,-0.014622,-0.011990
2018-10-19,-0.001816,-0.005267
2018-10-22,-0.003901,-0.004279
2018-10-23,-0.005977,-0.007581
2018-10-24,-0.030628,-0.025779
2018-10-25,0.017448,0.011385
2018-10-26,-0.015512,-0.008988
2018-10-29,-0.006987,-0.006826
2018-10-30,0.015604,0.010758
2018-10-31,0.010455,0.007990
2018-11-01,0.013011,0.019172
2018-11-02,-0.004779,0.000890
2018-11-05,0.004439,0.001604
2018-11-06,0.005704,0.003496
2018-11-07,0.019256,0.011239
2018-11-08,-0.002936,-0.003128
2018-11-09,-0.009721,-0.012454
2018-11-12,-0.018878,-0.016052
2018-11-13,-0.001188,-0.002112
2018-11-14,-0.006557,-0.006122
2018-11-15,0.010788,0.007877
2018-11-16,0.002082,0.000331
2018-11-19,-0.016575,-0.012787
2018-11-20,-0.017946,-0.015913
2018-11-21,0.006220,0.011582
2018-11-23,-0.005560,-0.001102
2018-11-26,0.014598,0.005388
2018-11-27,0.000513,-0.005077
2018-11-28,0.022306,0.016199
2018-11-29,-0.001759,-0.000152
2018-11-30,0.006818,0.001430
2018-12-03,0.011443,0.009799
2018-12-04,-0.031761,-0.026499
2018-12-06,-0.001887,-0.006480
2018-12-07,-0.021063,-0.011637
2018-12-10,-0.000255,-0.006784
2018-12-11,-0.000717,-0.002553
2018-12-12,0.006327,0.006999
2018-12-13,-0.002157,-0.009008
2018-12-14,-0.017100,-0.013125
2018-12-17,-0.020886,-0.020700
2018-12-18,-0.000164,-0.004835
2018-12-19,-0.014833,-0.013426
2018-12-20,-0.015372,-0.017901
2018-12-21,-0.020591,-0.018780
2018-12-24,-0.024166,-0.014143
2018-12-26,0.046860,0.030945
2018-12-27,0.006822,0.000606
2018-12-28,0.000154,0.009300
2018-12-31,0.008318,0.006218
2019-01-02,0.001796,0.017126
2019-01-03,-0.021043,-0.009454
2019-01-04,0.033410,0.030804
2019-01-07,0.009202,0.016144
2019-01-08,0.010269,0.010358
2019-01-09,0.006199,0.010306
2019-01-10,0.004474,0.002611
2019-01-11,-0.000152,0.001293
2019-01-14,-0.005465,-0.005852
2019-01-15,0.009839,0.006546
2019-01-16,0.003177,0.004831
2019-01-17,0.007082,0.005101
2019-01-18,0.012032,0.008534
2019-01-22,-0.014150,-0.013514
2019-01-23,0.001313,-0.000571
2019-01-24,0.002789,0.005460
2019-01-25,0.009553,0.010818
2019-01-28,-0.006493,-0.003899
2019-01-29,-0.000918,0.000164
2019-01-30,0.014357,0.009789
2019-01-31,0.008467,0.007008
2019-02-01,0.001418,0.002960
2019-02-04,0.006692,0.007317
2019-02-05,0.004392,0.002633
2019-02-06,-0.002529,-0.001374
2019-02-07,-0.008815,-0.009004
2019-02-08,0.000651,-0.001107
2019-02-11,0.001262,0.003731
2019-02-12,0.012367,0.010086
2019-02-13,0.002782,0.003827
2019-02-14,-0.001423,0.000674
2019-02-15,0.010835,0.009520
2019-02-19,0.002351,0.005022
2019-02-20,0.002105,0.001534
2019-02-21,-0.003534,-0.001722
2019-02-22,0.006367,0.007815
2019-02-25,0.001355,0.002548
2019-02-26,-0.001496,-0.002209
2019-02-27,0.000503,0.000165
2019-02-28,-0.002832,-0.003329
2019-03-01,0.006074,0.005596
2019-03-04,-0.004235,-0.002059
2019-03-05,-0.001320,-0.001251
2019-03-06,-0.007768,-0.012423
2019-03-07,-0.007494,-0.005773
2019-03-08,-0.001900,-0.002342
2019-03-11,0.014348,0.013281
2019-03-12,0.002743,0.002639
2019-03-13,0.006419,0.004495
2019-03-14,-0.000989,-0.001548
2019-03-15,0.004549,0.003170
2019-03-18,0.004449,0.006075
2019-03-19,-0.000676,-0.001410
2019-03-20,-0.003146,-0.002614
2019-03-21,0.010294,0.005282
2019-03-22,-0.020352,-0.022043
2019-03-25,-0.000328,-0.000245
2019-03-26,0.007719,0.006267
2019-03-27,-0.004686,-0.002540
2019-03-28,0.004111,0.003870
2019-03-29,0.006019,0.002876
2019-04-01,0.011239,0.009780
2019-04-02,-0.000146,-0.000222
2019-04-03,0.002548,0.002333
2019-04-04,0.001939,0.002985
2019-04-05,0.005114,0.007044
2019-04-08,0.001042,0.001010
2019-04-09,-0.006282,-0.006985
2019-04-10,0.004781,0.006191
2019-04-11,-0.000123,-0.001768
2019-04-12,0.006427,0.002535
2019-04-15,-0.001019,-0.003526
2019-04-16,0.000713,0.000853
2019-04-17,-0.003057,-0.005654
2019-04-18,0.001078,-0.000348
2019-04-22,0.000550,-0.001071
2019-04-23,0.008919,0.008481
2019-04-24,-0.002067,-0.001668
2019-04-25,-0.001464,-0.005200
2019-04-26,0.005368,0.005863
2019-04-29,0.001457,0.003016
2019-04-30,0.000358,-0.002453
2019-05-01,-0.007552,-0.006304
2019-05-02,-0.001670,-0.001115
2019-05-03,0.010903,0.013264
2019-05-06,-0.003819,-0.002032
2019-05-07,-0.016138,-0.013079
2019-05-08,-0.001604,-0.000962
2019-05-09,-0.002762,-0.004986
2019-05-10,0.004061,0.001979
2019-05-13,-0.024490,-0.022620
2019-05-14,0.008972,0.009282
2019-05-15,0.005735,0.003094
2019-05-16,0.008466,0.002113
2019-05-17,-0.006777,-0.009133
2019-05-20,-0.006482,-0.005819
2019-05-21,0.008936,0.008194
2019-05-22,-0.003791,-0.006750
2019-05-23,-0.012685,-0.014587
2019-05-24,0.002769,0.004570
2019-05-28,-0.007504,-0.004871
2019-05-29,-0.006890,-0.007024
2019-05-30,0.001395,-0.000323
2019-05-31,-0.011731,-0.009849
2019-06-03,-0.002132,0.002028
2019-06-04,0.020888,0.016296
2019-06-05,0.006480,-0.003716
2019-06-06,0.005135,-0.002659
2019-06-07,0.009671,0.006756
2019-06-10,0.004786,0.005864
2019-06-11,-0.000587,-0.000756
2019-06-12,-0.001895,-0.001817
2019-06-13,0.004882,0.007828
2019-06-14,-0.002723,-0.006331
2019-06-17,0.001583,0.002658
2019-06-18,0.009988,0.009913
2019-06-19,0.003742,0.003660
2019-06-20,0.008794,0.006415
2019-06-21,-0.002480,-0.003684
2019-06-24,-0.002898,-0.006011
2019-06-25,-0.008983,-0.006024
2019-06-26,-0.001030,0.000982
2019-06-27,0.005851,0.009434
2019-06-28,0.006661,0.010004
2019-07-01,0.006666,0.003592
2019-07-02,0.002012,-0.002689
2019-07-03,0.007696,0.005094
2019-07-05,-0.001125,0.001502
2019-07-08,-0.005365,-0.005379
2019-07-09,0.001762,0.000305
2019-07-10,0.004054,0.003225
2019-07-11,0.001232,-0.002149
2019-07-12,0.004673,0.003242
2019-07-15,-0.000159,-0.001609
2019-07-16,-0.002952,-0.001289
2019-07-17,-0.005594,-0.005351
2019-07-18,0.003364,-0.000484
2019-07-19,-0.005612,-0.003011
2019-07-22,0.002286,-0.001336
2019-07-23,0.006250,0.002997
2019-07-24,0.006008,0.007624
2019-07-25,-0.006384,-0.008782
2019-07-26,0.007304,0.005888
2019-07-29,-0.002677,-0.003894
2019-07-30,-0.001279,0.005348
2019-07-31,-0.009979,-0.006988
2019-08-01,-0.009219,-0.011820
2019-08-02,-0.007805,-0.007407
2019-08-05,-0.028423,-0.024731
2019-08-06,0.011900,0.005916
2019-08-07,0.001289,0.000099
2019-08-08,0.018530,0.012821
2019-08-09,-0.007192,-0.007476
2019-08-12,-0.012019,-0.009434
2019-08-13,0.013317,0.007568
2019-08-14,-0.027826,-0.024169
2019-08-15,0.001777,-0.003952
2019-08-16,0.014891,0.015547
2019-08-19,0.010675,0.009701
2019-08-20,-0.006749,-0.002874
2019-08-21,0.007927,0.006829
2019-08-22,-0.001010,-0.002545
2019-08-23,-0.024254,-0.020065
2019-08-26,0.009977,0.006578
2019-08-27,-0.003859,-0.008679
2019-08-28,0.006323,0.008018
2019-08-29,0.012551,0.010907
2019-08-30,0.000647,0.001053
2019-09-03,-0.007200,-0.008656
2019-09-04,0.010731,0.008953
2019-09-05,0.012384,0.012068
2019-09-06,0.000270,0.000926
2019-09-09,0.000597,0.007296
2019-09-10,0.001209,0.009903
2019-09-11,0.008121,0.012987
2019-09-12,0.002394,0.000011
2019-09-13,-0.000402,0.001892
2019-09-16,-0.001251,0.004686
2019-09-17,0.002169,-0.002837
2019-09-18,-0.000724,-0.004144
2019-09-19,-0.000145,-0.001899
2019-09-20,-0.004082,0.000365
2019-09-23,-0.000094,-0.001491
2019-09-24,-0.009181,-0.012349
2019-09-25,0.005652,0.002551
2019-09-26,-0.003072,-0.006435
2019-09-27,-0.005689,-0.006139
2019-09-30,0.004452,0.000793
2019-10-01,-0.012535,-0.013112
2019-10-02,-0.016124,-0.011593
2019-10-03,0.007636,0.004945
2019-10-04,0.012663,0.006928
2019-10-07,-0.003916,-0.002572
2019-10-08,-0.015075,-0.012203
2019-10-09,0.008366,0.002602
2019-10-10,0.005609,0.001782
2019-10-11,0.011399,0.012407
2019-10-14,-0.001618,-0.001781
2019-10-15,0.009102,0.008558
2019-10-16,-0.001892,0.001273
2019-10-17,0.003690,0.005286
2019-10-18,-0.003714,-0.002769
2019-10-21,0.006672,0.005955
2019-10-22,-0.003284,-0.000518
2019-10-23,0.002377,0.003058
2019-10-24,0.002351,-0.001025
2019-10-25,0.004071,0.003953
2019-10-28,0.005234,0.003627
2019-10-29,-0.000574,-0.000548
2019-10-30,0.002780,-0.001200
2019-10-31,-0.003480,-0.004344
2019-11-01,0.010212,0.013004
2019-11-04,0.003762,0.006466
2019-11-05,-0.001073,0.000941
2019-11-06,-0.000325,-0.004803
2019-11-07,0.002842,0.000340
2019-11-08,0.002642,0.000841
2019-11-11,-0.001637,-0.002542
2019-11-12,0.001141,-0.001035
2019-11-13,0.000337,-0.004135
2019-11-14,0.000987,-0.001756
2019-11-15,0.007074,0.004136
2019-11-18,0.000148,-0.003061
2019-11-19,0.000027,0.001460
2019-11-20,-0.002962,-0.002946
2019-11-21,-0.001708,-0.000985
2019-11-22,0.002020,0.003557
2019-11-25,0.008560,0.011192
2019-11-26,0.002218,0.000465
2019-11-27,0.004320,0.005769
2019-11-29,-0.004045,-0.000236
2019-12-02,-0.008547,-0.006343
2019-12-03,-0.005643,-0.002800
2019-12-04,0.006030,0.005447
2019-12-05,0.001102,-0.000491
2019-12-06,0.008432,0.008005
2019-12-09,-0.002700,0.000526
2019-12-10,-0.000696,0.001636
2019-12-11,0.002740,0.002606
2019-12-12,0.007859,0.007406
2019-12-13,0.000027,-0.000715
2019-12-16,0.007073,0.005041
2019-12-17,0.000547,0.002179
2019-12-18,0.000228,0.002202
2019-12-19,0.004192,0.003721
2019-12-20,0.004534,0.002899
2019-12-23,0.000956,0.003865
2019-12-24,0.000380,0.003556
2019-12-26,0.004616,0.003437
2019-12-27,-0.000643,-0.002284
2019-12-30,-0.005105,-0.001236
2019-12-31,0.002964,0.005045
2020-01-02,0.007412,0.005470
2020-01-03,-0.005828,-0.003057
2020-01-06,0.003269,0.004548
2020-01-07,-0.002147,-0.000041
2020-01-08,0.004028,0.000914
2020-01-09,0.005831,0.002941
2020-01-10,-0.002578,-0.001247
2020-01-13,0.007077,0.004614
2020-01-14,-0.000394,0.002920
2020-01-15,0.001938,0.003106
2020-01-16,0.008389,0.009900
2020-01-17,0.002523,-0.000518
2020-01-21,-0.003027,-0.004034
2020-01-22,0.000376,-0.001240
2020-01-23,0.001000,-0.001272
2020-01-24,-0.008836,-0.010013
2020-01-27,-0.014872,-0.013417
2020-01-28,0.009614,0.007312
2020-01-29,-0.001160,-0.003777
2020-01-30,0.002780,-0.003303
2020-01-31,-0.016642,-0.014389
2020-02-03,0.007562,0.004585
2020-02-04,0.014853,0.010742
2020-02-05,0.009336,0.011625
2020-02-06,0.002601,-0.001729
2020-02-07,-0.005527,-0.008712
2020-02-10,0.006756,0.002496
2020-02-11,0.003402,0.005309
2020-02-12,0.006406,0.005858
2020-02-13,-0.000773,-0.001469
2020-02-14,0.001660,-0.000396
2020-02-18,-0.001944,-0.000244
2020-02-19,0.005179,0.005293
2020-02-20,-0.002604,0.002578
2020-02-21,-0.009789,-0.006579
2020-02-24,-0.031760,-0.025365
2020-02-25,-0.029476,-0.026824
2020-02-26,-0.005395,-0.008618
2020-02-27,-0.040987,-0.029388
2020-02-28,-0.008552,-0.009691
2020-03-02,0.040304,0.022813
2020-03-03,-0.024635,-0.013162
2020-03-04,0.037552,0.022444
2020-03-05,-0.031529,-0.026674
2020-03-06,-0.017785,-0.021078
2020-03-09,-0.079317,-0.085247
2020-03-10,0.044398,0.024204
2020-03-11,-0.049958,-0.050931
2020-03-12,-0.096841,-0.100597
2020-03-13,0.085502,0.054602
2020-03-16,-0.118168,-0.107631
2020-03-17,0.053074,0.035050
2020-03-18,-0.059610,-0.097954
2020-03-19,0.014319,0.059286
2020-03-20,-0.037156,-0.012596
2020-03-23,-0.026878,-0.022939
2020-03-24,0.091556,0.082175
2020-03-25,0.016379,0.036478
2020-03-26,0.057470,0.050235
2020-03-27,-0.033038,-0.029879
2020-03-30,0.029038,0.009953
2020-03-31,-0.012277,0.000633
2020-04-01,-0.045015,-0.050873
2020-04-02,0.019501,0.008287
2020-04-03,-0.015754,-0.020541
2020-04-06,0.067894,0.059138
2020-04-07,0.000476,0.010586
2020-04-08,0.033821,0.037248
2020-04-09,0.018252,0.034491
2020-04-13,-0.010146,-0.007105
2020-04-14,0.028171,0.019400
2020-04-15,-0.023057,-0.026455
2020-04-16,0.004197,-0.006668
2020-04-17,0.027687,0.032660
2020-04-20,-0.015553,-0.011511
2020-04-21,-0.029210,-0.017875
2020-04-22,0.021875,0.015250
2020-04-23,0.001250,0.010179
2020-04-24,0.013045,0.009656
2020-04-27,0.017511,0.028557
2020-04-28,-0.002298,0.012304
2020-04-29,0.028865,0.040460
2020-04-30,-0.013076,-0.019332
2020-05-01,-0.028041,-0.028944
2020-05-04,0.004810,0.003996
2020-05-05,0.008738,0.003523
2020-05-06,-0.005853,-0.008204
2020-05-07,0.013322,0.015041
2020-05-08,0.018605,0.026622
2020-05-11,-0.000441,-0.004087
2020-05-12,-0.020370,-0.018736
2020-05-13,-0.019027,-0.027333
2020-05-14,0.010302,0.003296
2020-05-15,0.005234,0.008224
2020-05-18,0.033368,0.045796
2020-05-19,-0.009706,-0.008125
2020-05-20,0.017387,0.022291
2020-05-21,-0.006646,-0.000303
2020-05-22,0.002656,0.002900
2020-05-26,0.014186,0.024626
2020-05-27,0.014962,0.020346
2020-05-28,-0.003516,-0.009559
2020-05-29,0.004678,-0.001383
2020-06-01,0.006645,0.012506
2020-06-02,0.008413,0.011030
2020-06-03,0.014862,0.022584
2020-06-04,-0.003038,0.008012
2020-06-05,0.025002,0.032168
2020-06-08,0.014235,0.032393
2020-06-09,-0.009508,-0.010359
2020-06-10,-0.006659,-0.016255
2020-06-11,-0.058203,-0.063587
2020-06-12,0.014074,0.022566
2020-06-15,0.010691,0.014460
2020-06-16,0.017647,0.018722
2020-06-17,-0.004129,-0.008035
2020-06-18,0.001198,0.000431
2020-06-19,-0.004599,-0.002264
2020-06-22,0.006682,0.003837
2020-06-23,0.003905,0.003704
2020-06-24,-0.025737,-0.025694
2020-06-25,0.011260,0.010545
2020-06-26,-0.022878,-0.020526
2020-06-29,0.014497,0.016462
2020-06-30,0.014671,0.009754
2020-07-01,0.004033,-0.002446
2020-07-02,0.005020,0.004246
2020-07-06,0.014885,0.012130
2020-07-07,-0.010264,-0.013507
2020-07-08,0.008437,0.006774
2020-07-09,-0.005703,-0.013139
2020-07-10,0.010386,0.012624
2020-07-13,-0.011212,-0.010449
2020-07-14,0.013290,0.009832
2020-07-15,0.011800,0.024746
2020-07-16,-0.004003,-0.001971
2020-07-17,0.003636,0.005338
2020-07-20,0.008567,0.002191
2020-07-21,0.002298,0.012603
2020-07-22,0.005138,0.001624
2020-07-23,-0.010909,-0.004228
2020-07-24,-0.006986,-0.007645
2020-07-27,0.009010,0.006945
2020-07-28,-0.006926,-0.004818
2020-07-29,0.013428,0.013156
2020-07-30,-0.003768,-0.002326
2020-07-31,0.004524,-0.007106
2020-08-03,0.008692,0.013695
2020-08-04,0.004528,0.008749
2020-08-05,0.007526,0.012041
2020-08-06,0.004654,-0.000438
2020-08-07,0.000244,0.006408
2020-08-10,0.002652,0.010567
2020-08-11,-0.007931,-0.005603
2020-08-12,0.012994,0.004380
2020-08-13,-0.000593,-0.000391
2020-08-14,-0.000669,-0.000955
2020-08-17,0.005019,0.004042
2020-08-18,0.001404,-0.005829
2020-08-19,-0.004378,-0.002526
2020-08-20,0.002806,-0.003818
2020-08-21,0.001599,-0.007691
2020-08-24,0.008910,0.005493
2020-08-25,0.003408,0.003946
2020-08-26,0.008729,-0.002935
2020-08-27,0.001686,-0.001134
2020-08-28,0.006925,0.010001
2020-08-31,-0.001560,-0.007657
2020-09-01,0.008490,0.003061
2020-09-02,0.012122,0.005777
2020-09-03,-0.033998,-0.021922
2020-09-04,-0.008065,-0.004367
2020-09-08,-0.026800,-0.013253
2020-09-09,0.019843,0.011640
2020-09-10,-0.015557,-0.009134
2020-09-11,-0.000188,-0.002105
2020-09-14,0.015413,0.018789
2020-09-15,0.005411,0.003102
2020-09-16,-0.003147,0.006364
2020-09-17,-0.007869,-0.001762
2020-09-18,-0.008825,-0.002155
2020-09-21,-0.012511,-0.025050
2020-09-22,0.009333,0.001005
2020-09-23,-0.024029,-0.022973
2020-09-24,0.002036,-0.000532
2020-09-25,0.015674,0.011544
2020-09-28,0.016584,0.017632
2020-09-29,-0.004001,0.000601
2020-09-30,0.006881,0.001363
2020-10-01,0.007865,0.007672
2020-10-02,-0.007735,0.002193
2020-10-05,0.018302,0.017802
2020-10-06,-0.011910,-0.003646
2020-10-07,0.017039,0.016556
2020-10-08,0.008516,0.011604
2020-10-09,0.008550,0.004725
2020-10-12,0.013469,0.004512
2020-10-13,-0.004951,-0.005418
2020-10-14,-0.006017,-0.003401
2020-10-15,-0.000777,0.002481
2020-10-16,-0.000707,-0.000596
2020-10-19,-0.014167,-0.006850
2020-10-20,0.003821,0.004499
2020-10-21,-0.003440,-0.004248
2020-10-22,0.006130,0.008828
2020-10-23,0.003817,0.004067
2020-10-26,-0.018085,-0.019334
2020-10-27,-0.003025,-0.006574
2020-10-28,-0.032808,-0.027019
2020-10-29,0.010473,0.009178
2020-10-30,-0.013112,-0.011517
2020-11-02,0.012086,0.012978
2020-11-03,0.018824,0.019996
2020-11-04,0.019588,0.002001
2020-11-05,0.021074,0.022564
2020-11-06,-0.000045,-0.005092
2020-11-09,0.010634,0.030519
2020-11-10,-0.000557,0.010308
2020-11-11,0.008042,0.003495
2020-11-12,-0.009669,-0.010293
2020-11-13,0.013293,0.016427
2020-11-16,0.012334,0.018089
2020-11-17,-0.001528,0.002840
2020-11-18,-0.009049,-0.004338
2020-11-19,0.005837,0.007978
2020-11-20,-0.004295,0.002009
2020-11-23,0.007981,0.016264
2020-11-24,0.015105,0.017018
2020-11-25,0.000178,0.001262
2020-11-27,0.003998,0.006484
2020-11-30,-0.005743,-0.009174
2020-12-01,0.009645,0.006593
2020-12-02,0.001192,0.003558
2020-12-03,0.002272,0.006908
2020-12-04,0.010477,0.017045
2020-12-07,-0.000220,-0.000558
2020-12-08,0.004283,0.007310
2020-12-09,-0.009558,-0.005794
2020-12-10,0.002640,0.009297
2020-12-11,-0.002252,-0.004281
2020-12-14,-0.003267,-0.002346
2020-12-15,0.013083,0.013858
2020-12-16,0.001387,0.000409
2020-12-17,0.007947,0.011095
2020-12-18,-0.002101,-0.002766
2020-12-21,-0.002928,-0.001855
2020-12-22,0.000602,0.003866
2020-12-23,0.001445,0.010842
2020-12-24,0.002330,-0.000277
2020-12-28,0.003847,0.001350
2020-12-29,-0.003652,-0.008483
2020-12-30,0.003291,0.010155
2020-12-31,0.003558,-0.001058
2021-01-04,-0.013064,-0.003012
2021-01-05,0.009014,0.016304
2021-01-06,0.008037,0.017269
2021-01-07,0.016263,0.016882
2021-01-08,0.004688,0.002341
2021-01-11,-0.005645,0.000709
2021-01-12,0.004197,0.014239
2021-01-13,0.000912,-0.000295
2021-01-14,-0.000047,0.013459
2021-01-15,-0.008542,-0.009756
2021-01-19,0.008537,0.013550
2021-01-20,0.012048,0.006976
2021-01-21,-0.000935,-0.001395
2021-01-22,-0.001461,0.005535
2021-01-25,0.002429,0.003159
2021-01-26,-0.002925,-0.001620
2021-01-27,-0.024763,-0.020591
2021-01-28,0.009276,0.006922
2021-01-29,-0.017643,-0.012198
2021-02-01,0.017251,0.020200
2021-02-02,0.014014,0.012765
2021-02-03,0.001354,0.010909
2021-02-04,0.011293,0.015351
2021-02-05,0.006078,0.011105
2021-02-08,0.009781,0.023485
2021-02-09,0.000958,0.008377
2021-02-10,-0.000306,0.001926
2021-02-11,0.001885,0.000046
2021-02-12,0.004671,0.005813
2021-02-16,-0.001123,0.007409
2021-02-17,-0.002344,-0.004152
2021-02-18,-0.006585,-0.013763
2021-02-19,0.002724,0.012252
2021-02-22,-0.009646,-0.006367
2021-02-23,-0.001282,-0.015496
2021-02-24,0.011298,0.017854
2021-02-25,-0.026609,-0.027999
2021-02-26,-0.003846,-0.007921
2021-03-01,0.024765,0.025468
2021-03-02,-0.009017,-0.007969
2021-03-03,-0.014661,-0.009905
2021-03-04,-0.016690,-0.028151
2021-03-05,0.017372,0.012897
2021-03-08,-0.005877,0.001343
2021-03-09,0.016852,0.021626
2021-03-10,0.006778,0.010512
2021-03-11,0.014170,0.020996
2021-03-12,0.001509,0.004662
2021-03-15,0.007061,0.008545
2021-03-16,-0.004282,-0.010860
2021-03-17,0.003570,0.007362
2021-03-18,-0.017954,-0.018316
2021-03-19,0.001804,0.006821
2021-03-22,0.004791,-0.003397
2021-03-23,-0.011993,-0.025059
2021-03-24,-0.009090,-0.016742
2021-03-25,0.006556,0.010554
2021-03-26,0.015363,0.009622
2021-03-29,-0.005260,-0.015326
2021-03-30,0.000023,0.006469
2021-03-31,0.005605,0.009508
2021-04-01,0.012802,0.013968
2021-04-05,0.011451,0.004030
2021-04-06,0.000329,0.000240
2021-04-07,-0.001475,-0.008745
2021-04-08,0.005892,0.006366
2021-04-09,0.005508,-0.001899
2021-04-12,-0.000689,-0.009196
2021-04-13,0.003958,-0.000586
2021-04-14,-0.002872,0.002728
2021-04-15,0.010050,-0.000239
2021-04-16,0.002625,-0.001392
2021-04-19,-0.006927,-0.008418
2021-04-20,-0.009080,-0.013927
2021-04-21,0.011280,0.018282
2021-04-22,-0.007251,-0.000753
2021-04-23,0.012026,0.012955
2021-04-26,0.004392,0.010775
2021-04-27,-0.000236,-0.000130
2021-04-28,0.000142,0.004216
2021-04-29,0.003534,-0.002602
2021-04-30,-0.008008,-0.008260
2021-05-03,0.002051,0.005307
2021-05-04,-0.008437,-0.010255
2021-05-05,-0.000050,-0.000270
2021-05-06,0.004793,-0.003650
2021-05-07,0.008673,0.010497
2021-05-10,-0.012279,-0.014776
2021-05-11,-0.006579,-0.003533
2021-05-12,-0.022536,-0.020529
2021-05-13,0.009761,0.000891
2021-05-14,0.017585,0.021016
2021-05-17,-0.001356,0.004658
2021-05-18,-0.005975,0.002453
2021-05-19,-0.003798,-0.005873
2021-05-20,0.011154,0.009874
2021-05-21,-0.000303,0.002794
2021-05-24,0.009375,0.002333
2021-05-25,-0.002731,-0.006541
2021-05-26,0.004533,0.012115
2021-05-27,0.002905,0.008300
2021-05-28,0.001006,0.001001
2021-06-01,0.001667,0.009881
2021-06-02,0.001731,0.002925
2021-06-03,-0.005216,-0.003755
2021-06-04,0.008419,0.005092
2021-06-07,0.001642,0.008558
2021-06-08,0.001769,0.005960
2021-06-09,-0.002880,-0.000927
2021-06-10,0.004027,0.000613
2021-06-11,0.003115,0.004048
2021-06-14,0.001325,-0.000683
2021-06-15,-0.002962,-0.005567
2021-06-16,-0.004693,-0.002602
2021-06-17,-0.001405,-0.007398
2021-06-18,-0.012535,-0.013293
2021-06-21,0.013561,0.009485
2021-06-22,0.004926,0.001081
2021-06-23,-0.000137,0.004536
2021-06-24,0.006528,0.009578
2021-06-25,0.003216,0.002692
2021-06-28,0.001063,-0.003253
2021-06-29,-0.000040,-0.002865
2021-06-30,0.000360,0.000284
2021-07-01,0.004200,0.003007
2021-07-02,0.005001,-0.003850
2021-07-06,-0.003010,-0.009556
2021-07-07,0.001100,-0.007276
2021-07-08,-0.009006,-0.007498
2021-07-09,0.012887,0.016291
2021-07-12,0.002173,0.001703
2021-07-13,-0.005943,-0.010875
2021-07-14,-0.002375,-0.010452
2021-07-15,-0.003905,-0.005299
2021-07-16,-0.007607,-0.010081
2021-07-19,-0.014629,-0.013580
2021-07-20,0.016902,0.017687
2021-07-21,0.009672,0.015063
2021-07-22,0.000285,-0.007043
2021-07-23,0.008915,-0.002049
2021-07-26,0.001649,-0.000460
2021-07-27,-0.005939,-0.009745
2021-07-28,0.002969,0.012658
2021-07-29,0.004547,0.003877
2021-07-30,-0.005629,-0.005072
2021-08-02,-0.001350,0.001456
2021-08-03,0.006796,0.000659
2021-08-04,-0.003965,-0.007763
2021-08-05,0.007173,0.010524
2021-08-06,0.000825,0.002363
2021-08-09,-0.000405,0.000769
2021-08-10,0.000668,0.001200
2021-08-11,0.002429,0.002325
2021-08-12,0.001978,-0.003078
2021-08-13,0.000280,-0.006952
2021-08-16,-0.000843,-0.010526
2021-08-17,-0.007821,-0.010395
2021-08-18,-0.008858,-0.002717
2021-08-19,-0.002259,-0.012429
2021-08-20,0.008679,0.010185
2021-08-23,0.010518,0.016718
2021-08-24,0.004232,0.010988
2021-08-25,0.002593,0.003958
2021-08-26,-0.006469,-0.005873
2021-08-27,0.010965,0.016242
2021-08-30,0.003027,-0.000524
2021-08-31,-0.001063,0.004912
2021-09-01,0.001985,0.004975
2021-09-02,0.004125,0.005830
2021-09-03,-0.000078,-0.002060
2021-09-07,-0.004163,-0.004219
2021-09-08,-0.003491,-0.008765
2021-09-09,-0.002862,0.001191
2021-09-10,-0.007309,-0.005727
2021-09-13,0.001957,0.001363
2021-09-14,-0.006226,-0.010711
2021-09-15,0.008518,0.006521
2021-09-16,-0.000877,-0.000052
2021-09-17,-0.007397,-0.000968
2021-09-20,-0.018222,-0.022307
2021-09-21,0.000856,0.004033
2021-09-22,0.009965,0.010353
2021-09-23,0.012060,0.012258
2021-09-24,-0.000111,-0.003788
2021-09-27,-0.000980,0.008200
2021-09-28,-0.020769,-0.016825
2021-09-29,-0.000069,-0.004320
2021-09-30,-0.009500,-0.002315
2021-10-01,0.010643,0.007536
2021-10-04,-0.012878,-0.011107
2021-10-05,0.009502,0.003845
2021-10-06,0.002818,-0.004543
2021-10-07,0.009925,0.010992
2021-10-08,-0.002520,-0.002715
2021-10-11,-0.006344,-0.002642
2021-10-12,0.000236,0.004511
2021-10-13,0.004802,0.005999
2021-10-14,0.015965,0.008072
2021-10-15,0.005721,-0.000452
2021-10-18,0.003275,-0.001035
2021-10-19,0.006813,0.005574
2021-10-20,0.003892,0.005235
2021-10-21,0.002944,0.000043
2021-10-22,-0.001700,-0.003687
2021-10-25,0.005483,0.006844
2021-10-26,-0.000059,-0.002559
2021-10-27,-0.007541,-0.011066
2021-10-28,0.011248,0.010778
2021-10-29,0.000973,-0.001533
2021-11-01,0.005685,0.016247
2021-11-02,0.002035,-0.000788
2021-11-03,0.007317,0.009461
2021-11-04,0.002951,-0.001967
2021-11-05,0.004007,0.004682
2021-11-08,0.001985,0.005168
2021-11-09,-0.002888,-0.002868
2021-11-10,-0.010458,-0.011510
2021-11-11,0.002449,0.005680
2021-11-12,0.007136,0.003169
2021-11-15,-0.000328,-0.002949
2021-11-16,0.004036,-0.002866
2021-11-17,-0.004441,-0.008376
2021-11-18,0.000267,-0.010814
2021-11-19,-0.002866,-0.006675
2021-11-22,-0.006220,-0.008697
2021-11-23,-0.000289,-0.003282
2021-11-24,0.003215,0.006189
2021-11-26,-0.022333,-0.020562
2021-11-29,0.010084,-0.002004
2021-11-30,-0.019130,-0.013911
2021-12-01,-0.015120,-0.018774
2021-12-02,0.015404,0.012687
2021-12-03,-0.011375,-0.018757
2021-12-06,0.011801,0.011818
2021-12-07,0.021576,0.022344
2021-12-08,0.004299,0.009254
2021-12-09,-0.010779,-0.015051
2021-12-10,0.006154,-0.003162
2021-12-13,-0.009868,-0.013042
2021-12-14,-0.007689,-0.010743
2021-12-15,0.015057,0.009288
2021-12-16,-0.010042,-0.008498
2021-12-17,-0.006259,0.003383
2021-12-20,-0.012320,-0.012894
2021-12-21,0.019936,0.019754
2021-12-22,0.009573,0.006539
2021-12-23,0.006854,0.008728
2021-12-27,0.012046,0.002260
2021-12-28,-0.002438,-0.007305
2021-12-29,0.000553,-0.003616
2021-12-30,-0.000979,0.006862
2021-12-31,-0.002389,-0.000770
2022-01-03,0.006155,0.013300
2022-01-04,-0.002351,-0.003614
2022-01-05,-0.021879,-0.022888
2022-01-06,0.000161,-0.000855
2022-01-07,-0.004164,-0.003449
2022-01-10,-0.001893,-0.006038
2022-01-11,0.010905,0.012900
2022-01-12,0.001817,-0.001804
2022-01-13,-0.014356,-0.011682
2022-01-14,0.000164,-0.000537
2022-01-18,-0.019346,-0.020456
2022-01-19,-0.009368,-0.007658
2022-01-20,-0.010991,-0.010844
2022-01-21,-0.019931,-0.020748
2022-01-24,0.004196,0.001777
2022-01-25,-0.012440,-0.003871
2022-01-26,-0.003579,-0.008831
2022-01-27,-0.008106,-0.017301
2022-01-28,0.022473,0.012924
2022-01-31,0.022431,0.030493
2022-02-01,0.008548,0.012938
2022-02-02,0.004746,-0.008769
2022-02-03,-0.023331,-0.017392
2022-02-04,0.007243,0.007808
2022-02-07,-0.001807,0.004501
2022-02-08,0.009147,0.008339
2022-02-09,0.016251,0.016842
2022-02-10,-0.016293,-0.010505
2022-02-11,-0.017672,-0.011637
2022-02-14,-0.004128,-0.008027
2022-02-15,0.017622,0.021559
2022-02-16,0.000308,0.001503
2022-02-17,-0.021239,-0.017211
2022-02-18,-0.008297,-0.010070
2022-02-22,-0.011235,-0.014612
2022-02-23,-0.018075,-0.013319
2022-02-24,0.016083,0.013783
2022-02-25,0.022121,0.016934
2022-02-28,-0.000365,0.002819
2022-03-01,-0.015027,-0.010420
2022-03-02,0.017773,0.013006
2022-03-03,-0.008077,-0.011302
2022-03-04,-0.010171,-0.013542
2022-03-07,-0.029143,-0.017518
2022-03-08,-0.004392,0.005647
2022-03-09,0.026287,0.023880
2022-03-10,-0.004184,-0.004556
2022-03-11,-0.013741,-0.016071
2022-03-14,-0.010539,-0.021574
2022-03-15,0.019118,0.010654
2022-03-16,0.025417,0.031026
2022-03-17,0.013941,0.018967
2022-03-18,0.012298,0.013125
2022-03-21,-0.001730,-0.004166
2022-03-22,0.011770,0.012433
2022-03-23,-0.011877,-0.007287
2022-03-24,0.013111,0.008528
2022-03-25,0.003084,-0.003684
2022-03-28,0.006122,-0.002104
2022-03-29,0.014708,0.017348
2022-03-30,-0.007642,-0.008686
2022-03-31,-0.014539,-0.009262
2022-04-01,0.004477,0.006133
2022-04-04,0.008315,0.008491
2022-04-05,-0.014787,-0.015893
2022-04-06,-0.011276,-0.012338
2022-04-07,0.002480,-0.003872
2022-04-08,-0.003214,-0.004984
2022-04-11,-0.014385,-0.010571
2022-04-12,-0.002728,-0.002382
2022-04-13,0.013356,0.013674
2022-04-14,-0.011685,-0.008326
2022-04-18,-0.002124,-0.009658
2022-04-19,0.016324,0.012954
2022-04-20,-0.000861,-0.000075
2022-04-21,-0.016871,-0.019458
2022-04-22,-0.026382,-0.017404
2022-04-25,0.005326,0.001240
2022-04-26,-0.028338,-0.024434
2022-04-27,0.001297,-0.001817
2022-04-28,0.022979,0.012195
2022-04-29,-0.033543,-0.017716
2022-05-02,0.005966,0.005146
2022-05-03,0.005109,0.006211
2022-05-04,0.027983,0.017719
2022-05-05,-0.036281,-0.031048
2022-05-06,-0.008396,-0.014590
2022-05-09,-0.035487,-0.040380
2022-05-10,0.001277,-0.003265
2022-05-11,-0.017115,-0.022909
2022-05-12,0.001470,0.005678
2022-05-13,0.026999,0.030828
2022-05-16,-0.004679,-0.001760
2022-05-17,0.020557,0.023178
2022-05-18,-0.037661,-0.025583
2022-05-19,-0.002115,0.005998
2022-05-20,-0.000026,-0.003057
2022-05-23,0.016398,0.008201
2022-05-24,-0.010605,-0.015893
2022-05-25,0.011199,0.013029
2022-05-26,0.019776,0.017453
2022-05-27,0.024482,0.020715
2022-05-31,-0.006957,-0.004159
2022-06-01,-0.006968,-0.007004
2022-06-02,0.020266,0.018635
2022-06-03,-0.015360,-0.006476
2022-06-06,0.002954,-0.000232
2022-06-07,0.009806,0.010778
2022-06-08,-0.010409,-0.002544
2022-06-09,-0.023580,-0.018039
2022-06-10,-0.028242,-0.022558
2022-06-13,-0.040683,-0.043392
2022-06-14,-0.003455,-0.004295
2022-06-15,0.014988,0.014309
2022-06-16,-0.034246,-0.030492
2022-06-17,0.004000,0.009816
2022-06-21,0.022508,0.014470
2022-06-22,-0.002209,-0.002164
2022-06-23,0.009173,0.010361
2022-06-24,0.029803,0.018007
2022-06-27,-0.002129,0.001884
2022-06-28,-0.018708,-0.013435
2022-06-29,-0.002681,-0.008789
2022-06-30,-0.008945,-0.006289
2022-07-01,0.011007,0.007705
2022-07-05,0.002031,0.004354
2022-07-06,0.000678,-0.004074
2022-07-07,0.016903,0.021121
2022-07-08,-0.000824,0.002676
2022-07-11,-0.013163,-0.016265
2022-07-12,-0.008058,-0.002621
2022-07-13,-0.003428,-0.000128
2022-07-14,-0.005548,-0.010477
2022-07-15,0.018546,0.012759
2022-07-18,-0.005552,0.000888
2022-07-19,0.027381,0.022051
2022-07-20,0.007873,0.010834
2022-07-21,0.009349,0.004848
2022-07-22,-0.010469,-0.013783
2022-07-25,0.001988,0.001669
2022-07-26,-0.011840,-0.008892
2022-07-27,0.025315,0.018080
2022-07-28,0.012436,0.009486
2022-07-29,0.013414,0.005708
2022-08-01,-0.002154,0.000041
2022-08-02,-0.005244,0.003821
2022-08-03,0.014969,0.014301
2022-08-04,-0.000469,0.004259
2022-08-05,-0.000378,0.005310
2022-08-08,0.001213,0.009318
2022-08-09,-0.006349,-0.013252
2022-08-10,0.022615,0.021278
2022-08-11,-0.000224,0.003621
2022-08-12,0.016856,0.013630
2022-08-15,0.002804,0.001988
2022-08-16,0.001907,-0.001821
2022-08-17,-0.009190,-0.012785
2022-08-18,0.002709,0.002170
2022-08-19,-0.014640,-0.017990
2022-08-22,-0.020291,-0.016149
2022-08-23,-0.000707,0.002982
2022-08-24,0.003947,0.007360
2022-08-25,0.014208,0.010610
2022-08-26,-0.031867,-0.023938
2022-08-29,-0.006512,-0.005659
2022-08-30,-0.011447,-0.012022
2022-08-31,-0.007189,-0.002479
2022-09-01,-0.001093,-0.009851
2022-09-02,-0.008552,-0.004037
2022-09-06,-0.004937,-0.008640
2022-09-07,0.018279,0.014478
2022-09-08,0.007387,0.006252
2022-09-09,0.016682,0.015483
2022-09-12,0.010793,0.008578
2022-09-13,-0.040550,-0.027192
2022-09-14,0.003995,0.000535
2022-09-15,-0.010278,-0.005651
2022-09-16,-0.009523,-0.014128
2022-09-19,0.006945,-0.001124
2022-09-20,-0.012176,-0.013387
2022-09-21,-0.015952,-0.012529
2022-09-22,-0.011461,-0.017337
2022-09-23,-0.019087,-0.022912
2022-09-26,-0.011469,-0.013512
2022-09-27,-0.000730,0.001846
2022-09-28,0.021612,0.022669
2022-09-29,-0.020934,-0.019556
2022-09-30,-0.012297,-0.004068
2022-10-03,0.025437,0.020441
2022-10-04,0.032369,0.030581
2022-10-05,-0.003162,-0.004575
2022-10-06,-0.009342,-0.004077
2022-10-07,-0.027375,-0.023965
2022-10-10,-0.008193,-0.009718
2022-10-11,-0.006415,-0.005654
2022-10-12,-0.002909,-0.001043
2022-10-13,0.023430,0.013601
2022-10-14,-0.023710,-0.018166
2022-10-17,0.026731,0.020040
2022-10-18,0.011592,0.008468
2022-10-19,-0.008946,-0.014353
2022-10-20,-0.007498,-0.004555
2022-10-21,0.022119,0.012484
2022-10-24,0.008700,-0.003333
2022-10-25,0.018290,0.022517
2022-10-26,-0.004575,0.004725
2022-10-27,-0.004139,-0.001551
2022-10-28,0.021281,0.011624
2022-10-31,-0.005972,-0.002005
2022-11-01,-0.002194,0.003938
2022-11-02,-0.025073,-0.020792
2022-11-03,-0.008895,-0.003951
2022-11-04,0.013226,0.009348
2022-11-07,0.008101,0.003382
2022-11-08,0.005273,-0.000576
2022-11-09,-0.021136,-0.023470
2022-11-10,0.055288,0.044090
2022-11-11,0.010538,0.016071
2022-11-14,-0.009507,-0.006578
2022-11-15,0.010174,0.010383
2022-11-16,-0.009704,-0.013796
2022-11-17,-0.004122,-0.006169
2022-11-18,0.004185,0.000658
2022-11-21,-0.004588,-0.007304
2022-11-22,0.013241,0.006866
2022-11-23,0.005918,0.005970
2022-11-25,0.000406,0.003030
2022-11-28,-0.015647,-0.014113
2022-11-29,-0.000744,0.002548
2022-11-30,0.029413,0.020560
2022-12-01,0.000229,0.002523
2022-12-02,-0.000581,0.005174
2022-12-05,-0.019456,-0.017511
2022-12-06,-0.014051,-0.012792
2022-12-07,-0.001929,-0.004659
2022-12-08,0.007368,0.005598
2022-12-09,-0.007468,-0.004385
2022-12-12,0.013023,0.006047
2022-12-13,0.007299,0.005193
2022-12-14,-0.005473,-0.004224
2022-12-15,-0.024078,-0.017985
2022-12-16,-0.010349,-0.007406
2022-12-19,-0.009614,-0.014495
2022-12-20,0.001879,0.001102
2022-12-21,0.014642,0.010713
2022-12-22,-0.014002,-0.009473
2022-12-23,0.005465,0.002459
2022-12-27,-0.003930,-0.008489
2022-12-28,-0.012364,-0.010297
2022-12-29,0.018339,0.022834
2022-12-30,-0.002451,0.003808
2023-01-03,-0.003934,0.005062
2023-01-04,0.009553,0.018657
2023-01-05,-0.010970,-0.004115
2023-01-06,0.022257,0.017645
2023-01-09,0.001059,0.007190
2023-01-10,0.007316,0.013026
2023-01-11,0.012571,0.011686
2023-01-12,0.005718,0.014703
2023-01-13,0.004322,0.007841
2023-01-17,-0.001146,0.002261
2023-01-18,-0.014241,-0.012161
2023-01-19,-0.007486,-0.006112
2023-01-20,0.018067,0.014679
2023-01-23,0.011763,0.010128
2023-01-24,-0.001146,-0.000988
2023-01-25,0.000339,0.001542
2023-01-26,0.010381,0.005295
2023-01-27,0.003473,0.005432
2023-01-30,-0.012975,-0.010138
2023-01-31,0.015550,0.016344
2023-02-01,0.011137,0.012678
2023-02-02,0.013799,0.013540
2023-02-03,-0.010632,-0.007167
2023-02-06,-0.007223,-0.007359
2023-02-07,0.011465,0.004813
2023-02-08,-0.010374,-0.010300
2023-02-09,-0.008850,-0.011912
2023-02-10,0.001496,-0.002506
2023-02-13,0.010859,0.005050
2023-02-14,0.000941,0.000475
2023-02-15,0.004435,0.007186
2023-02-16,-0.012705,-0.007559
2023-02-17,-0.002933,-0.001381
2023-02-21,-0.020457,-0.021846
2023-02-22,-0.000607,-0.000428
2023-02-23,0.004871,0.003045
2023-02-24,-0.010160,-0.012812
2023-02-27,0.003327,0.003600
2023-02-28,-0.002576,0.000582
2023-03-01,-0.003159,-0.001274
2023-03-02,0.006503,0.002479
2023-03-03,0.015546,0.012266
2023-03-06,-0.001750,-0.007068
2023-03-07,-0.014599,-0.010122
2023-03-08,0.001270,-0.001520
2023-03-09,-0.019276,-0.021551
2023-03-10,-0.016483,-0.023032
2023-03-13,-0.003098,-0.009576
2023-03-14,0.015863,0.009278
2023-03-15,-0.009262,-0.015317
2023-03-16,0.016293,0.010546
2023-03-17,-0.012043,-0.015876
2023-03-20,0.008716,0.001261
2023-03-21,0.013857,0.016795
2023-03-22,-0.016420,-0.014646
2023-03-23,0.001793,-0.001480
2023-03-24,0.004737,0.002874
2023-03-27,0.003207,0.005019
2023-03-28,-0.000817,-0.000513
2023-03-29,0.013802,0.010908
2023-03-30,0.005538,0.003078
2023-03-31,0.014614,0.011948
2023-04-03,0.003122,0.001672
2023-04-04,-0.006606,-0.010662
2023-04-05,-0.004045,-0.008869
2023-04-06,0.003105,0.003466
2023-04-10,0.002154,0.005970
2023-04-11,0.001796,0.007144
2023-04-12,-0.003977,-0.005078
2023-04-13,0.012827,0.012877
2023-04-14,-0.002720,-0.004618
2023-04-17,0.003645,0.007969
2023-04-18,0.000652,-0.001864
2023-04-19,-0.000454,-0.001456
2023-04-20,-0.005743,-0.006877
2023-04-21,0.000615,-0.001234
2023-04-24,0.000380,-0.002906
2023-04-25,-0.016696,-0.018124
2023-04-26,-0.004091,-0.005488
2023-04-27,0.017335,0.010266
2023-04-28,0.008072,0.010419
2023-05-01,-0.000652,0.001283
2023-05-02,-0.012260,-0.013213
2023-05-03,-0.005189,0.000531
2023-05-04,-0.006837,-0.006119
2023-05-05,0.018739,0.018082
2023-05-08,0.000849,0.002221
2023-05-09,-0.003907,-0.001622
2023-05-10,0.004086,0.003745
2023-05-11,-0.002566,-0.006936
2023-05-12,-0.001936,-0.005071
2023-05-15,0.005045,0.009355
2023-05-16,-0.008106,-0.011928
2023-05-17,0.012329,0.013996
2023-05-18,0.008474,0.003390
2023-05-19,-0.001860,-0.000949
2023-05-22,0.001904,0.008546
2023-05-23,-0.010454,-0.003083
2023-05-24,-0.008000,-0.009387
2023-05-25,0.004950,-0.008997
2023-05-26,0.012610,0.007922
2023-05-30,-0.000231,-0.001041
2023-05-31,-0.005725,-0.005191
2023-06-01,0.010187,0.009433
2023-06-02,0.016242,0.020618
2023-06-05,-0.002792,-0.005120
2023-06-06,0.005193,0.014317
2023-06-07,-0.002024,0.006266
2023-06-08,0.005209,0.000931
2023-06-09,0.000098,-0.004197
2023-06-12,0.008518,0.005629
2023-06-13,0.007512,0.008966
2023-06-14,0.000057,-0.005231
2023-06-15,0.011707,0.008909
2023-06-16,-0.003788,-0.001980
2023-06-20,-0.005432,-0.006839
2023-06-21,-0.004712,-0.003638
2023-06-22,0.001811,-0.004701
2023-06-23,-0.008474,-0.009603
2023-06-26,-0.002689,-0.001383
2023-06-27,0.011635,0.007286
2023-06-28,0.000528,0.001215
2023-06-29,0.004747,0.006309
2023-06-30,0.011089,0.005604
2023-07-03,0.002105,0.006882
2023-07-05,-0.003315,-0.006333
2023-07-06,-0.009672,-0.013608
2023-07-07,0.000005,0.010289
2023-07-10,0.004152,0.009090
2023-07-11,0.007738,0.009107
2023-07-12,0.007998,0.008816
2023-07-13,0.009334,0.008519
2023-07-14,-0.002944,-0.010092
2023-07-17,0.004496,0.005086
2023-07-18,0.007299,0.006392
2023-07-19,0.002571,0.003657
2023-07-20,-0.007185,-0.006756
2023-07-21,0.000069,-0.000977
2023-07-24,0.003273,0.000118
2023-07-25,0.002307,-0.002020
2023-07-26,0.000799,0.005517
2023-07-27,-0.007487,-0.011519
2023-07-28,0.010608,0.013323
2023-07-31,0.003173,0.008267
2023-08-01,-0.003671,-0.004377
2023-08-02,-0.014385,-0.013074
2023-08-03,-0.002370,-0.001952
2023-08-04,-0.004195,-0.002070
2023-08-07,0.007546,-0.001121
2023-08-08,-0.004756,-0.004176
2023-08-09,-0.006457,-0.005960
2023-08-10,0.000092,-0.002073
2023-08-11,-0.000907,-0.001429
2023-08-14,0.004055,-0.002848
2023-08-15,-0.011781,-0.012966
2023-08-16,-0.007891,-0.010043
2023-08-17,-0.008395,-0.007525
2023-08-18,0.000602,0.000827
2023-08-21,0.005540,-0.000169
2023-08-22,-0.001892,-0.003236
2023-08-23,0.011033,0.008529
2023-08-24,-0.012548,-0.011327
2023-08-25,0.007025,0.001559
2023-08-28,0.007092,0.005391
2023-08-29,0.013164,0.012613
2023-08-30,0.003824,0.003346
2023-08-31,-0.001065,-0.001883
2023-09-01,0.002776,0.005930
2023-09-05,-0.006126,-0.009656
2023-09-06,-0.006391,-0.006598
2023-09-07,-0.003839,-0.007888
2023-09-08,0.001012,-0.002062
2023-09-11,0.006483,0.002544
2023-09-12,-0.004767,-0.001701
2023-09-13,0.000005,-0.005292
2023-09-14,0.008998,0.009325
2023-09-15,-0.010526,-0.005160
2023-09-18,-0.000425,-0.006305
2023-09-19,-0.002633,-0.003257
2023-09-20,-0.008244,-0.006373
2023-09-21,-0.016903,-0.013885
2023-09-22,-0.001882,-0.002873
2023-09-25,0.003394,-0.001515
2023-09-26,-0.014143,-0.008325
2023-09-27,0.001060,0.001696
2023-09-28,0.006627,0.004663
2023-09-29,-0.002633,0.000677
2023-10-02,-0.003498,-0.011886
2023-10-03,-0.014349,-0.015225
2023-10-04,0.007075,0.001074
2023-10-05,-0.000735,-0.000910
2023-10-06,0.011483,0.007495
2023-10-09,0.006120,0.000943
2023-10-10,0.006470,0.009906
2023-10-11,0.003842,0.002814
2023-10-12,-0.008455,-0.013191
2023-10-13,-0.005077,-0.004184
2023-10-16,0.010957,0.008919
2023-10-17,0.001091,0.005945
2023-10-18,-0.014619,-0.015364
2023-10-19,-0.009179,-0.012693
2023-10-20,-0.012193,-0.010180
2023-10-23,-0.002426,-0.008234
2023-10-24,0.006950,0.006891
2023-10-25,-0.014672,-0.012730
2023-10-26,-0.009124,-0.002212
2023-10-27,-0.005494,-0.009087
2023-10-30,0.010716,0.006928
2023-10-31,0.006299,0.005594
2023-11-01,0.009644,0.002807
2023-11-02,0.020161,0.022173
2023-11-03,0.011695,0.020834
2023-11-06,-0.000780,-0.006333
2023-11-07,0.002356,-0.000743
2023-11-08,-0.000411,-0.006357
2023-11-09,-0.008442,-0.014810
2023-11-10,0.013967,0.004125
2023-11-13,-0.000330,0.000302
2023-11-14,0.022835,0.031136
2023-11-15,0.001954,0.005529
2023-11-16,-0.001165,-0.007663
2023-11-17,0.003330,0.009963
2023-11-20,0.007017,0.007068
2023-11-21,-0.002977,-0.007833
2023-11-22,0.004067,0.004612
2023-11-24,0.001708,0.008853
2023-11-27,-0.001871,-0.003208
2023-11-28,0.000915,0.001167
2023-11-29,0.001082,0.006047
2023-11-30,0.003946,0.001808
2023-12-01,0.009181,0.019252
2023-12-04,-0.003913,0.004928
2023-12-05,-0.002322,-0.008439
2023-12-06,-0.003542,0.000125
2023-12-07,0.007297,0.003563
2023-12-08,0.004205,0.003196
2023-12-11,0.003690,-0.004576
2023-12-12,0.003133,-0.004210
2023-12-13,0.016200,0.022396
2023-12-14,0.006931,0.018160
2023-12-15,-0.001579,-0.005318
2023-12-18,0.003856,-0.000888
2023-12-19,0.007711,0.012567
2023-12-20,-0.014802,-0.011488
2023-12-21,0.011213,0.013642
2023-12-22,0.002434,0.007676
2023-12-26,0.005223,0.009674
2023-12-27,0.001989,0.005277
2023-12-28,-0.000111,0.002042
2023-12-29,-0.004049,-0.007480
2024-01-02,-0.006546,-0.003010
2024-01-03,-0.010015,-0.013588
2024-01-04,-0.002642,-0.000148
2024-01-05,0.001646,-0.001342
2024-01-08,0.014021,0.011515
2024-01-09,-0.002547,-0.005654
2024-01-10,0.004685,0.000003
2024-01-11,-0.001333,-0.005925
2024-01-12,0.000550,-0.000808
2024-01-16,-0.005242,-0.012472
2024-01-17,-0.006324,-0.009116
2024-01-18,0.008049,0.000551
2024-01-19,0.011554,0.004559
2024-01-22,0.003822,0.010119
2024-01-23,0.002103,0.001792
2024-01-24,-0.000321,-0.001923
2024-01-25,0.005203,0.005453
2024-01-26,0.000044,0.002842
2024-01-29,0.008416,0.010695
2024-01-30,-0.001334,-0.005870
2024-01-31,-0.015799,-0.013150
2024-02-01,0.012365,0.008640
2024-02-02,0.007568,-0.004472
2024-02-05,-0.004994,-0.011368
2024-02-06,0.003588,0.008992
2024-02-07,0.006775,-0.000956
2024-02-08,0.002366,0.008096
2024-02-09,0.006382,0.009054
2024-02-12,0.000951,0.011085
2024-02-13,-0.016421,-0.024089
2024-02-14,0.011508,0.017793
2024-02-15,0.008273,0.015328
2024-02-16,-0.004713,-0.001811
2024-02-20,-0.006418,-0.007284
2024-02-21,0.000158,-0.003842
2024-02-22,0.018433,0.003488
2024-02-23,0.000687,0.001186
2024-02-26,-0.002388,0.004796
2024-02-27,0.002686,0.008462
2024-02-28,-0.002149,-0.003847
2024-02-29,0.005377,0.004753
2024-03-01,0.008189,0.007963
2024-03-04,-0.001162,-0.002681
2024-03-05,-0.009572,-0.007070
2024-03-06,0.005899,0.007738
2024-03-07,0.009929,0.005967
2024-03-08,-0.005701,-0.000044
2024-03-11,-0.001447,-0.001728
2024-03-12,0.009405,-0.001371
2024-03-13,-0.000746,0.001446
2024-03-14,-0.004847,-0.014035
2024-03-15,-0.005012,0.003471
2024-03-18,0.004593,-0.001193
2024-03-19,0.005022,0.002928
2024-03-20,0.010377,0.014314
2024-03-21,0.003784,0.004119
2024-03-22,-0.002728,-0.005713
2024-03-25,-0.002195,-0.001801
2024-03-26,-0.002214,-0.002695
2024-03-27,0.009376,0.014411
2024-03-28,0.001425,0.005726
2024-04-01,-0.002870,-0.004578
2024-04-02,-0.007896,-0.009647
2024-04-03,0.002158,0.003740
2024-04-04,-0.011202,-0.005686
2024-04-05,0.009819,0.002843
2024-04-08,0.000671,0.004306
2024-04-09,0.001795,0.002476
2024-04-10,-0.011114,-0.015569
2024-04-11,0.006354,0.002677
2024-04-12,-0.014894,-0.016316
2024-04-15,-0.012224,-0.014829
2024-04-16,-0.002789,-0.006400
2024-04-17,-0.005513,-0.004832
2024-04-18,-0.002084,-0.000552
2024-04-19,-0.006374,0.000212
2024-04-22,0.008478,0.006850
2024-04-23,0.012243,0.011699
2024-04-24,-0.000467,-0.001627
2024-04-25,-0.003958,-0.005010
2024-04-26,0.009415,0.007320
2024-04-29,0.003706,0.005970
2024-04-30,-0.016220,-0.011863
2024-05-01,-0.002178,0.003759
2024-05-02,0.010178,0.011324
2024-05-03,0.011428,0.007706
2024-05-06,0.010648,0.007861
2024-05-07,0.000938,-0.000183
2024-05-08,-0.001020,-0.001359
2024-05-09,0.005880,0.006682
2024-05-10,0.000732,-0.005498
2024-05-13,-0.000024,0.003823
2024-05-14,0.005802,0.009155
2024-05-15,0.011286,0.006402
2024-05-16,-0.002303,0.001884
2024-05-17,0.001631,0.001577
2024-05-20,0.001426,0.001607
2024-05-21,0.001352,-0.002121
2024-05-22,-0.003777,-0.004522
2024-05-23,-0.008627,-0.013925
2024-05-24,0.007304,0.007255
2024-05-28,-0.000542,-0.000804
2024-05-29,-0.008469,-0.009913
2024-05-30,-0.002984,0.005646
2024-05-31,0.007227,0.005444
2024-06-03,0.000074,-0.000787
2024-06-04,-0.000910,-0.007158
2024-06-05,0.011596,0.009238
2024-06-06,-0.000278,-0.002448
2024-06-07,-0.003188,-0.010171
2024-06-10,0.003009,0.001951
2024-06-11,0.001215,-0.000964
2024-06-12,0.009215,0.007226
2024-06-13,-0.000227,-0.005999
2024-06-14,-0.001966,-0.009343
2024-06-17,0.007148,0.000887
2024-06-18,0.002286,-0.003737
2024-06-20,-0.002235,-0.001561
2024-06-21,-0.001147,0.000704
2024-06-24,-0.001136,0.003757
2024-06-25,0.002320,-0.005325
2024-06-26,0.000792,0.000184
2024-06-27,0.002005,0.005435
2024-06-28,-0.002679,0.001150
2024-07-01,0.001195,-0.005136
2024-07-02,0.005761,-0.000800
2024-07-03,0.005245,0.005135
2024-07-05,0.004255,-0.000641
2024-07-08,0.001143,0.003404
2024-07-09,-0.000210,-0.000769
2024-07-10,0.009825,0.008297
2024-07-11,-0.003314,0.019591
2024-07-12,0.006245,0.010291
2024-07-15,0.003602,0.004915
2024-07-16,0.009000,0.019548
2024-07-17,-0.013570,-0.007380
2024-07-18,-0.008876,-0.014538
2024-07-19,-0.006319,-0.006226
2024-07-22,0.010687,0.010589
2024-07-23,-0.000684,0.003200
2024-07-24,-0.021922,-0.014734
2024-07-25,-0.003251,0.004563
2024-07-26,0.011320,0.011295
2024-07-29,-0.000395,-0.005802
2024-07-30,-0.004022,-0.002843
2024-07-31,0.014456,0.007144
2024-08-01,-0.015412,-0.019714
2024-08-02,-0.019843,-0.023878
2024-08-05,-0.028567,-0.029954
2024-08-06,0.010137,0.009244
2024-08-07,-0.007394,-0.009991
2024-08-08,0.022780,0.016434
2024-08-09,0.004177,-0.000885
2024-08-12,-0.000792,-0.002585
2024-08-13,0.016082,0.013200
2024-08-14,0.003297,-0.002338
2024-08-15,0.016628,0.015042
2024-08-16,0.002499,0.004845
2024-08-19,0.009676,0.012496
2024-08-20,-0.002907,-0.005115
2024-08-21,0.005503,0.009868
2024-08-22,-0.008631,-0.007350
2024-08-23,0.013400,0.019133
2024-08-26,-0.002737,0.000270
2024-08-27,0.000819,-0.004236
2024-08-28,-0.006305,-0.009644
2024-08-29,0.001292,0.004747
2024-08-30,0.009298,0.003810
2024-09-03,-0.021166,-0.020617
2024-09-04,-0.001598,-0.001646
2024-09-05,-0.002862,-0.002354
2024-09-06,-0.016697,-0.013940
2024-09-09,0.010589,0.005720
2024-09-10,0.003585,0.001676
2024-09-11,0.009761,0.006211
2024-09-12,0.008023,0.006831
2024-09-13,0.007210,0.013549
2024-09-16,0.002261,0.001691
2024-09-17,0.000636,0.003717
2024-09-18,-0.002449,-0.002669
2024-09-19,0.016849,0.014764
2024-09-20,-0.002509,-0.005769
2024-09-23,0.002728,-0.002688
2024-09-24,0.003021,0.005851
2024-09-25,-0.003168,-0.007378
2024-09-26,0.004793,0.010387
2024-09-27,-0.000638,0.005192
2024-09-30,0.003106,0.001235
2024-10-01,-0.008476,-0.009448
2024-10-02,0.000172,0.001958
2024-10-03,-0.002574,-0.005216
2024-10-04,0.009490,0.010365
2024-10-07,-0.008913,-0.004843
2024-10-08,0.007437,-0.003610
2024-10-09,0.006420,0.000611
2024-10-10,-0.001710,-0.002454
2024-10-11,0.007488,0.012461
2024-10-14,0.006791,0.003271
2024-10-15,-0.006670,-0.001780
2024-10-16,0.005568,0.014285
2024-10-17,-0.000195,-0.000287
2024-10-18,0.003934,0.006583
2024-10-21,-0.003560,-0.006347
2024-10-22,-0.000953,-0.000625
2024-10-23,-0.008643,-0.009298
2024-10-24,0.002615,0.001349
2024-10-25,-0.001133,-0.001426
2024-10-28,0.004072,0.010421
2024-10-29,0.001117,-0.002801
2024-10-30,-0.003113,-0.003492
2024-10-31,-0.017028,-0.012695
2024-11-01,0.003685,0.000944
2024-11-04,-0.001724,0.001210
2024-11-05,0.012631,0.012667
2024-11-06,0.025795,0.019972
2024-11-07,0.007115,0.004971
2024-11-08,0.003842,0.000915
2024-11-11,0.003150,0.007942
2024-11-12,-0.004204,-0.009050
2024-11-13,-0.000771,-0.007624
2024-11-14,-0.006546,-0.008593
2024-11-15,-0.012270,-0.012997
2024-11-18,0.004452,0.001839
2024-11-19,0.004707,0.004831
2024-11-20,0.000581,0.000746
2024-11-21,0.007160,0.009820
2024-11-22,0.005529,0.011145
2024-11-25,0.004285,0.010429
2024-11-26,0.003277,-0.001724
2024-11-27,-0.002676,0.004870
2024-11-29,0.005464,0.007563
2024-12-02,0.001573,0.001354
2024-12-03,0.000242,-0.003280
2024-12-04,0.006358,0.002037
2024-12-05,-0.002458,-0.005292
2024-12-06,0.003013,0.005734
2024-12-09,-0.006671,0.003310
2024-12-10,-0.003941,-0.005396
2024-12-11,0.008102,0.001838
2024-12-12,-0.006180,-0.009951
2024-12-13,-0.000774,-0.005269
2024-12-16,0.003597,-0.000392
2024-12-17,-0.004805,-0.003844
2024-12-18,-0.031161,-0.029678
2024-12-19,-0.001381,-0.001555
2024-12-20,0.010642,0.010575
2024-12-23,0.005633,0.004449
2024-12-24,0.010566,0.010448
2024-12-26,0.000346,0.012231
2024-12-27,-0.010692,-0.004451
2024-12-30,-0.009878,-0.000715
2024-12-31,-0.003392,-0.000125
